管理番号,管理名称,管理担当部課名,組織管理区分１名,利用者名,設置場所,設置場所詳細
09L1019280,ＨＯ－１０１－１－＜Ｄ＞ＩＢＳ,無ｱﾃﾞ 無線ｼｽﾃﾑ技･無線ｼｽﾃﾑ技,ドコモ管理,,,
09M1019281,ＨＯ－１０１－１－＜Ｄ＞ＩＢＳ,無ｱﾃﾞ 無線ｼｽﾃﾑ技･無線ｼｽﾃﾑ技,ドコモ管理,,,
09M1022120,ＨＯ－１０１－１＜Ｄ＞ＩＢＳ,無ｱﾃﾞ 無線ｼｽﾃﾑ技･無線ｼｽﾃﾑ技,ドコモ管理,,,
09M10N5420,自動ﾄﾗﾋｯｸ監視ﾂｰﾙ(ﾗｲｾﾝｽ1),無ｱﾃﾞ 無線ｼｽﾃﾑ技･無線ｼｽﾃﾑ技,,,,
09N1022121,ＨＯ－１０１－１＜Ｄ＞ＩＢＳ,無ｱﾃﾞ 無線ｼｽﾃﾑ技･無線ｼｽﾃﾑ技,ドコモ管理,,,
09N10N5421,自動ﾄﾗﾋｯｸ監視ﾂｰﾙ(ﾗｲｾﾝｽ2),無ｱﾃﾞ 無線ｼｽﾃﾑ技･無線ｼｽﾃﾑ技,,,,
09P10N5422,自動ﾄﾗﾋｯｸ監視ﾂｰﾙ(ﾗｲｾﾝｽ2),無ｱﾃﾞ 無線ｼｽﾃﾑ技･無線ｼｽﾃﾑ技,,,,
09V1022117,ＨＯ－１０１－１＜Ｄ＞ＩＢＳ,無ｱﾃﾞ 無線ｼｽﾃﾑ技･無線ｼｽﾃﾑ技,ドコモ管理,,,
09V10N5427,自動ﾄﾗﾋｯｸ監視ﾂｰﾙ(Office2003),無ｱﾃﾞ 無線ｼｽﾃﾑ技･無線ｼｽﾃﾑ技,,,,
09W1022118,ＨＯ－１０１－１＜Ｄ＞ＩＢＳ,無ｱﾃﾞ 無線ｼｽﾃﾑ技･無線ｼｽﾃﾑ技,ドコモ管理,,,
09X1022119,ＨＯ－１０１－１＜Ｄ＞ＩＢＳ,無ｱﾃﾞ 無線ｼｽﾃﾑ技･無線ｼｽﾃﾑ技,ドコモ管理,,,
09X10N5419,自動ﾄﾗﾋｯｸ監視ﾂｰﾙ(ｿﾌﾄｳｪｱ),無ｱﾃﾞ 無線ｼｽﾃﾑ技･無線ｼｽﾃﾑ技,,,,
16TA084942,自動ﾄﾗﾋｯｸ監視ﾂｰﾙ(ｿﾌﾄｳｪｱ),無ｱﾃﾞ 無線ｼｽﾃﾑ技･無線ｼｽﾃﾑ技,,,,
171A3V6729,HP製ARTsサーバ-L45,無ｱﾃﾞ 無線ｼｽﾃﾑ技･無線ｼｽﾃﾑ技,,,,
17SA3V6730,HP製ARTsサーバ-L46,無ｱﾃﾞ 無線ｼｽﾃﾑ技･無線ｼｽﾃﾑ技,,,,
17TA3V6731,HP製ARTsサーバ-L47,無ｱﾃﾞ 無線ｼｽﾃﾑ技･無線ｼｽﾃﾑ技,,,,
17UA3V6732,HP製ARTsサーバ-L48,無ｱﾃﾞ 無線ｼｽﾃﾑ技･無線ｼｽﾃﾑ技,,,,
17VA3V6733,HP製ARTsサーバ-L49,無ｱﾃﾞ 無線ｼｽﾃﾑ技･無線ｼｽﾃﾑ技,,,,
17WA3V6734,HP製ARTsサーバ-L50,無ｱﾃﾞ 無線ｼｽﾃﾑ技･無線ｼｽﾃﾑ技,,,,
17XA3V6735,HP製ARTsサーバ-L51,無ｱﾃﾞ 無線ｼｽﾃﾑ技･無線ｼｽﾃﾑ技,,,,
17YA3V6736,HP製ARTsサーバ-L52,無ｱﾃﾞ 無線ｼｽﾃﾑ技･無線ｼｽﾃﾑ技,,,,
17ZA3V6737,HP製ARTsサーバ-L53,無ｱﾃﾞ 無線ｼｽﾃﾑ技･無線ｼｽﾃﾑ技,,,,
18PA255600,2-WN201電源設備工事,無ｱﾃﾞ 無線ｼｽﾃﾑ技･無線ｼｽﾃﾑ技,,,,
18TA255603,ANNEX-Lフロア電源工事,無ｱﾃﾞ 無線ｼｽﾃﾑ技･無線ｼｽﾃﾑ技,,,,
18WA255606,ANNEX-L電力設備工事,無ｱﾃﾞ 無線ｼｽﾃﾑ技･無線ｼｽﾃﾑ技,,,,
18YA255598,2-WN201収容棚工事,無ｱﾃﾞ 無線ｼｽﾃﾑ技･無線ｼｽﾃﾑ技,,,,
18ZA255599,2-WN201フロア電源工事,無ｱﾃﾞ 無線ｼｽﾃﾑ技･無線ｼｽﾃﾑ技,,,,
190A1T3178,安定化電源(800W),無ｱﾃﾞ 無線ｼｽﾃﾑ技･無線ｼｽﾃﾑ技,,,,
191A1T3179,安定化電源(800W),無ｱﾃﾞ 無線ｼｽﾃﾑ技･無線ｼｽﾃﾑ技,,,,
19KA505450,eNB(HD)_18B呼処理ソフトウェア(,無ｱﾃﾞ 無線ｼｽﾃﾑ技･無線ｼｽﾃﾑ技,,,,
19LA505451,eNB(マクロ)18B呼処理ソフトウェ,無ｱﾃﾞ 無線ｼｽﾃﾑ技･無線ｼｽﾃﾑ技,,,,
19MA505452,eNB呼処理ﾛｸﾞﾃﾞｺｰﾄﾞﾂｰﾙ（18B）(I,無ｱﾃﾞ 無線ｼｽﾃﾑ技･無線ｼｽﾃﾑ技,,,,
19NA505453,eNBシナリオ作成ツール（18B）(I,無ｱﾃﾞ 無線ｼｽﾃﾑ技･無線ｼｽﾃﾑ技,,,,
19SA1T3180,安定化電源(800W),無ｱﾃﾞ 無線ｼｽﾃﾑ技･無線ｼｽﾃﾑ技,,,,
19TA1T3181,安定化電源(800W),無ｱﾃﾞ 無線ｼｽﾃﾑ技･無線ｼｽﾃﾑ技,,,,
19UA1T3182,安定化電源(800W),無ｱﾃﾞ 無線ｼｽﾃﾑ技･無線ｼｽﾃﾑ技,,,,
19VA1T3173,安定化電源(800W),無ｱﾃﾞ 無線ｼｽﾃﾑ技･無線ｼｽﾃﾑ技,,,,
19VA1T3183,安定化電源(800W),無ｱﾃﾞ 無線ｼｽﾃﾑ技･無線ｼｽﾃﾑ技,,,,
19WA1T3174,安定化電源(800W),無ｱﾃﾞ 無線ｼｽﾃﾑ技･無線ｼｽﾃﾑ技,,,,
19WA1T3184,安定化電源(800W),無ｱﾃﾞ 無線ｼｽﾃﾑ技･無線ｼｽﾃﾑ技,,,,
19XA1T3175,安定化電源(800W),無ｱﾃﾞ 無線ｼｽﾃﾑ技･無線ｼｽﾃﾑ技,,,,
19XA1T3185,安定化電源(800W),無ｱﾃﾞ 無線ｼｽﾃﾑ技･無線ｼｽﾃﾑ技,,,,
19YA1T3176,安定化電源(800W),無ｱﾃﾞ 無線ｼｽﾃﾑ技･無線ｼｽﾃﾑ技,,,,
19YA1T3186,安定化電源(800W),無ｱﾃﾞ 無線ｼｽﾃﾑ技･無線ｼｽﾃﾑ技,,,,
19ZA1T3177,安定化電源(800W),無ｱﾃﾞ 無線ｼｽﾃﾑ技･無線ｼｽﾃﾑ技,,,,
20HA0Z4465,ARTs-GAIA基盤,無ｱﾃﾞ 無線ｼｽﾃﾑ技･無線ｼｽﾃﾑ技,,,,
20HA472530,モバイルモニター #006,無ｱﾃﾞ 無線ｼｽﾃﾑ技･無線ｼｽﾃﾑ技,ドコモ管理,,,
20PA472526,モバイルモニター #002,無ｱﾃﾞ 無線ｼｽﾃﾑ技･無線ｼｽﾃﾑ技,ドコモ管理,,,
20TA472529,モバイルモニター #005,無ｱﾃﾞ 無線ｼｽﾃﾑ技･無線ｼｽﾃﾑ技,ドコモ管理,,,
21KA073351,WN101-EN101間光ケーブル配線工,無ｱﾃﾞ 無線ｼｽﾃﾑ技･無線ｼｽﾃﾑ技,,,,
22FA317022,検証用ＮＲソフトウェア＜Ｆ＞23,無ｱﾃﾞ 無線ｼｽﾃﾑ技･無線ｼｽﾃﾑ技,,,,
22GA3X3644,方式系５ＧＯＴＡ試験環境,無ｱﾃﾞ 無線ｼｽﾃﾑ技･無線ｼｽﾃﾑ技,,,,
23HA0X9384,SWコントローラAPIライセンス_23,無ｱﾃﾞ 無線ｼｽﾃﾑ技･無線ｼｽﾃﾑ技,,,,
23NA2G0853,WC201_UE-SIM_AS2_AC200V電源工,無ｱﾃﾞ 無線ｼｽﾃﾑ技･無線ｼｽﾃﾑ技,,,,
23PA1J0072,eNB呼処理ログデコードツール(23,無ｱﾃﾞ 無線ｼｽﾃﾑ技･無線ｼｽﾃﾑ技,,,,
23SA1J0084,Keysight製疑似呼用23Bライセン,無ｱﾃﾞ 無線ｼｽﾃﾑ技･無線ｼｽﾃﾑ技,,,,
23TA059768,検証用ＮＲソフトウェア＜Ｆ＞23,無ｱﾃﾞ 無線ｼｽﾃﾑ技･無線ｼｽﾃﾑ技,,,,
23TA1H9476,eNB(HD)23A_ｿﾌﾄｳｪｱ,無ｱﾃﾞ 無線ｼｽﾃﾑ技･無線ｼｽﾃﾑ技,,,,
23TA1S1358,VMware Standard 8 一式,無ｱﾃﾞ 無線ｼｽﾃﾑ技･無線ｼｽﾃﾑ技,,,,
23TA255858,VIAVI社製UE-SIMソフトウェア一,無ｱﾃﾞ 無線ｼｽﾃﾑ技･無線ｼｽﾃﾑ技,,,,
23TA295204,eNB23Bｿﾌﾄｳｪｱ,無ｱﾃﾞ 無線ｼｽﾃﾑ技･無線ｼｽﾃﾑ技,,,,
23UA0H5537,検証用ＮＲソフトウェア＜Ｎ＞23,無ｱﾃﾞ 無線ｼｽﾃﾑ技･無線ｼｽﾃﾑ技,,,,
23WA1J0078,eNB試験シナリオ作成ツール(23A),無ｱﾃﾞ 無線ｼｽﾃﾑ技･無線ｼｽﾃﾑ技,,,,
24EA2A6660,対向_IPNF_IPv4v6混在ライセンス,無ｱﾃﾞ 無線ｼｽﾃﾑ技･無線ｼｽﾃﾑ技,,,,
24FA1Y0540,1号館(N603)コンセント設置工事,無ｱﾃﾞ 無線ｼｽﾃﾑ技･無線ｼｽﾃﾑ技,,,,
24FA2A6661,対向_IPNF_IPv4v6混在ライセンス,無ｱﾃﾞ 無線ｼｽﾃﾑ技･無線ｼｽﾃﾑ技,,,,
24GA1C5830,EPC-iSIMローミングStep2_2503#1,無ｱﾃﾞ 無線ｼｽﾃﾑ技･無線ｼｽﾃﾑ技,,,,
24GA1Y0541,2号館(WC201)コンセント設置工事,無ｱﾃﾞ 無線ｼｽﾃﾑ技･無線ｼｽﾃﾑ技,,,,
24GA2A6662,対向_IPNF_IPv4v6混在ライセンス,無ｱﾃﾞ 無線ｼｽﾃﾑ技･無線ｼｽﾃﾑ技,,,,
24GA2Z1800,ECO_CUバンド切り替えライセンス,無ｱﾃﾞ 無線ｼｽﾃﾑ技･無線ｼｽﾃﾑ技,,,,
24HA1C5531,EPC-iSIMローミングStep1_2503#1,無ｱﾃﾞ 無線ｼｽﾃﾑ技･無線ｼｽﾃﾑ技,,,,
24HA1C5831,EPC-iSIMローミングStep2_2503#2,無ｱﾃﾞ 無線ｼｽﾃﾑ技･無線ｼｽﾃﾑ技,,,,
24HA1X8893,対向_REBOX_TypeA_2503#1,無ｱﾃﾞ 無線ｼｽﾃﾑ技･無線ｼｽﾃﾑ技,,,,
24HA1Y0542,2号館(EN401)コンセント設置工事,無ｱﾃﾞ 無線ｼｽﾃﾑ技･無線ｼｽﾃﾑ技,,,,
24HA2A6653,対向_IPNF_IPv4v6混在ライセンス,無ｱﾃﾞ 無線ｼｽﾃﾑ技･無線ｼｽﾃﾑ技,,,,
24HA2A6663,対向_IPNF_IPv4v6混在ライセンス,無ｱﾃﾞ 無線ｼｽﾃﾑ技･無線ｼｽﾃﾑ技,,,,
24HA2M8782,NOKIA-CU_先行局25_1,無ｱﾃﾞ 無線ｼｽﾃﾑ技･無線ｼｽﾃﾑ技,,,,
24JA0L2114,交換AR渡り_WN401_WC602,無ｱﾃﾞ 無線ｼｽﾃﾑ技･無線ｼｽﾃﾑ技,,,,
24JA1C5532,EPC-iSIMローミングStep1_2503#2,無ｱﾃﾞ 無線ｼｽﾃﾑ技･無線ｼｽﾃﾑ技,,,,
24JA1C5832,EPC-iSIMローミングStep2_2503#3,無ｱﾃﾞ 無線ｼｽﾃﾑ技･無線ｼｽﾃﾑ技,,,,
24JA1E1380,EPC-iSIMローミングStep3_2503#4,無ｱﾃﾞ 無線ｼｽﾃﾑ技･無線ｼｽﾃﾑ技,,,,
24JA1X8894,対向_REBOX_TypeA_2503#2,無ｱﾃﾞ 無線ｼｽﾃﾑ技･無線ｼｽﾃﾑ技,,,,
24JA2A6654,対向_IPNF_IPv4v6混在ライセンス,無ｱﾃﾞ 無線ｼｽﾃﾑ技･無線ｼｽﾃﾑ技,,,,
24JA2A6664,対向_IPNF_IPv4v6混在ライセンス,無ｱﾃﾞ 無線ｼｽﾃﾑ技･無線ｼｽﾃﾑ技,,,,
24KA143351,DuoSIM-5G DeltaConfig対応SW,無ｱﾃﾞ 無線ｼｽﾃﾑ技･無線ｼｽﾃﾑ技,,,,
24KA1C5533,EPC-iSIMローミングStep1_2503#3,無ｱﾃﾞ 無線ｼｽﾃﾑ技･無線ｼｽﾃﾑ技,,,,
24KA1C5833,EPC-iSIMローミングStep2_2503#4,無ｱﾃﾞ 無線ｼｽﾃﾑ技･無線ｼｽﾃﾑ技,,,,
24KA1E1381,EPC-iSIMローミングStep3_2503#5,無ｱﾃﾞ 無線ｼｽﾃﾑ技･無線ｼｽﾃﾑ技,,,,
24KA1X8895,対向_REBOX_TypeA_2503#3,無ｱﾃﾞ 無線ｼｽﾃﾑ技･無線ｼｽﾃﾑ技,,,,
24KA258740,海外商用_EPC-iLoad_SW_L1L2,無ｱﾃﾞ 無線ｼｽﾃﾑ技･無線ｼｽﾃﾑ技,,,,
24KA2A6655,対向_IPNF_IPv4v6混在ライセンス,無ｱﾃﾞ 無線ｼｽﾃﾑ技･無線ｼｽﾃﾑ技,,,,
24KA2Z1793,ECO_CUバンド切り替えライセンス,無ｱﾃﾞ 無線ｼｽﾃﾑ技･無線ｼｽﾃﾑ技,,,,
24LA0M8525,ｖＲＡＮ用ＢＤＥ設置工事,無ｱﾃﾞ 無線ｼｽﾃﾑ技･無線ｼｽﾃﾑ技,,,,
24LA1C5534,EPC-iSIMローミングStep1_2503#4,無ｱﾃﾞ 無線ｼｽﾃﾑ技･無線ｼｽﾃﾑ技,,,,
24LA1C5834,EPC-iSIMローミングStep2_2503#5,無ｱﾃﾞ 無線ｼｽﾃﾑ技･無線ｼｽﾃﾑ技,,,,
24LA1E1382,EPC-iSIMローミングStep3_2503#6,無ｱﾃﾞ 無線ｼｽﾃﾑ技･無線ｼｽﾃﾑ技,,,,
24LA1X8896,対向_REBOX_TypeA_2503#4,無ｱﾃﾞ 無線ｼｽﾃﾑ技･無線ｼｽﾃﾑ技,,,,
24LA252001,DuoSIM-A2 25A ASN.1対応SW,無ｱﾃﾞ 無線ｼｽﾃﾑ技･無線ｼｽﾃﾑ技,,,,
24LA258741,海外商用_EPC-iSIM_SW_RIC,無ｱﾃﾞ 無線ｼｽﾃﾑ技･無線ｼｽﾃﾑ技,,,,
24LA2A6656,対向_IPNF_IPv4v6混在ライセンス,無ｱﾃﾞ 無線ｼｽﾃﾑ技･無線ｼｽﾃﾑ技,,,,
24LA2L6396,海外商用検証_NetG_XS728_RIC,無ｱﾃﾞ 無線ｼｽﾃﾑ技･無線ｼｽﾃﾑ技,,,,
24LA2Z1794,ECO_CUバンド切り替えライセンス,無ｱﾃﾞ 無線ｼｽﾃﾑ技･無線ｼｽﾃﾑ技,,,,
24LA2Z1874,eNB24Bソフトウェア,無ｱﾃﾞ 無線ｼｽﾃﾑ技･無線ｼｽﾃﾑ技,,,,
24MA071020,eNB試験シナリオ作成ツール(24B),無ｱﾃﾞ 無線ｼｽﾃﾑ技･無線ｼｽﾃﾑ技,,,,
24MA1C5535,EPC-iSIMローミングStep1_2503#5,無ｱﾃﾞ 無線ｼｽﾃﾑ技･無線ｼｽﾃﾑ技,,,,
24MA1C5835,EPC-iSIMローミングStep2_2503#6,無ｱﾃﾞ 無線ｼｽﾃﾑ技･無線ｼｽﾃﾑ技,,,,
24MA1X8897,対向_REBOX_TypeB_2503#1,無ｱﾃﾞ 無線ｼｽﾃﾑ技･無線ｼｽﾃﾑ技,,,,
24MA258742,海外商用_EPC-iSIM_SW_対向,無ｱﾃﾞ 無線ｼｽﾃﾑ技･無線ｼｽﾃﾑ技,,,,
24MA2A2167,OREX SAI提案構成DT評価試験,無ｱﾃﾞ 無線ｼｽﾃﾑ技･無線ｼｽﾃﾑ技,,,,
24MA2A6657,対向_IPNF_IPv4v6混在ライセンス,無ｱﾃﾞ 無線ｼｽﾃﾑ技･無線ｼｽﾃﾑ技,,,,
24MA2L6397,海外商用検証_NetG_XS748_L1L2,無ｱﾃﾞ 無線ｼｽﾃﾑ技･無線ｼｽﾃﾑ技,,,,
24MA2Z1795,ECO_CUバンド切り替えライセンス,無ｱﾃﾞ 無線ｼｽﾃﾑ技･無線ｼｽﾃﾑ技,,,,
24MA2Z1875,eNB(HD)24Bソフトウェア,無ｱﾃﾞ 無線ｼｽﾃﾑ技･無線ｼｽﾃﾑ技,,,,
24NA0S3983,DuoSIM-5G シナリオパッケージ,無ｱﾃﾞ 無線ｼｽﾃﾑ技･無線ｼｽﾃﾑ技,,,,
24NA1C5536,EPC-iSIMローミングStep1_2503#6,無ｱﾃﾞ 無線ｼｽﾃﾑ技･無線ｼｽﾃﾑ技,,,,
24NA1M2117,SAログ解析ツール(25A),無ｱﾃﾞ 無線ｼｽﾃﾑ技･無線ｼｽﾃﾑ技,,,,
24NA1V9050,キーサイト負荷試験機SW_LTE_Ref,無ｱﾃﾞ 無線ｼｽﾃﾑ技･無線ｼｽﾃﾑ技,,,,
24NA1X8898,対向_REBOX_TypeB_2503#2,無ｱﾃﾞ 無線ｼｽﾃﾑ技･無線ｼｽﾃﾑ技,,,,
24NA1Y0537,1号館(N101)コンセント設置工事,無ｱﾃﾞ 無線ｼｽﾃﾑ技･無線ｼｽﾃﾑ技,,,,
24NA2A6658,対向_IPNF_IPv4v6混在ライセンス,無ｱﾃﾞ 無線ｼｽﾃﾑ技･無線ｼｽﾃﾑ技,,,,
24NA2J7190,DuoSIM eCPRI LTE対応SW,無ｱﾃﾞ 無線ｼｽﾃﾑ技･無線ｼｽﾃﾑ技,,,,
24NA2M5617,eNB試験シナリオ作成ツール(25A),無ｱﾃﾞ 無線ｼｽﾃﾑ技･無線ｼｽﾃﾑ技,,,,
24NA2Z1796,ECO_CUバンド切り替えライセンス,無ｱﾃﾞ 無線ｼｽﾃﾑ技･無線ｼｽﾃﾑ技,,,,
24NA2Z1876,eNB(femt)24Bソフトウェア,無ｱﾃﾞ 無線ｼｽﾃﾑ技･無線ｼｽﾃﾑ技,,,,
24PA145505,NB-IOTソフトウェアライセンス一,無ｱﾃﾞ 無線ｼｽﾃﾑ技･無線ｼｽﾃﾑ技,,,,
24PA1Y0538,1号館(N204)コンセント設置工事,無ｱﾃﾞ 無線ｼｽﾃﾑ技･無線ｼｽﾃﾑ技,,,,
24PA2A6659,対向_IPNF_IPv4v6混在ライセンス,無ｱﾃﾞ 無線ｼｽﾃﾑ技･無線ｼｽﾃﾑ技,,,,
24PA2T8813,24年度_FR_vRA2.0_追加工程,無ｱﾃﾞ 無線ｼｽﾃﾑ技･無線ｼｽﾃﾑ技,,,,
24PA2Z1797,ECO_CUバンド切り替えライセンス,無ｱﾃﾞ 無線ｼｽﾃﾑ技･無線ｼｽﾃﾑ技,,,,
24RA126258,EPC-iSIM追加ライセンス_202409_,無ｱﾃﾞ 無線ｼｽﾃﾑ技･無線ｼｽﾃﾑ技,,,,
24RA1Y0539,1号館(N302)コンセント設置工事,無ｱﾃﾞ 無線ｼｽﾃﾑ技･無線ｼｽﾃﾑ技,,,,
24RA299421,CV成東東_EriMMU,無ｱﾃﾞ 無線ｼｽﾃﾑ技･無線ｼｽﾃﾑ技,,,,
24RA2P3597,QXDM_QCATライセンスFR系_2503,無ｱﾃﾞ 無線ｼｽﾃﾑ技･無線ｼｽﾃﾑ技,,,,
24RA2U5123,UE-SIM_SW(VIAVI,E500-AS2)-2,無ｱﾃﾞ 無線ｼｽﾃﾑ技･無線ｼｽﾃﾑ技,,,,
24RA2Z1798,ECO_CUバンド切り替えライセンス,無ｱﾃﾞ 無線ｼｽﾃﾑ技･無線ｼｽﾃﾑ技,,,,
24SA0P6408,４ＧｖＲＡＮ系＿Ｎ６０３電源工,無ｱﾃﾞ 無線ｼｽﾃﾑ技･無線ｼｽﾃﾑ技,,,,
24SA126259,EPC-iSIM追加ライセンス_202409_,無ｱﾃﾞ 無線ｼｽﾃﾑ技･無線ｼｽﾃﾑ技,,,,
24SA142567,DuoSIM-A2 メッセージサイズ拡張,無ｱﾃﾞ 無線ｼｽﾃﾑ技･無線ｼｽﾃﾑ技,,,,
24SA1E1377,EPC-iSIMローミングStep3_2503#1,無ｱﾃﾞ 無線ｼｽﾃﾑ技･無線ｼｽﾃﾑ技,,,,
24SA2S7896,N101_海外vRAN試験用AC電源工事1,無ｱﾃﾞ 無線ｼｽﾃﾑ技･無線ｼｽﾃﾑ技,,,,
24SA2Z1799,ECO_CUバンド切り替えライセンス,無ｱﾃﾞ 無線ｼｽﾃﾑ技･無線ｼｽﾃﾑ技,,,,
24TA1E1378,EPC-iSIMローミングStep3_2503#2,無ｱﾃﾞ 無線ｼｽﾃﾑ技･無線ｼｽﾃﾑ技,,,,
24TA258177,UE-SIM_SW(VIAVI,E500-AS2)-09,無ｱﾃﾞ 無線ｼｽﾃﾑ技･無線ｼｽﾃﾑ技,,,,
24TA258737,海外商用_5GC-SIM_SW_L1L2,無ｱﾃﾞ 無線ｼｽﾃﾑ技･無線ｼｽﾃﾑ技,,,,
24TA2S7897,EC302_海外vRAN試験用AC電源工事,無ｱﾃﾞ 無線ｼｽﾃﾑ技･無線ｼｽﾃﾑ技,,,,
24UA094034,光回線工事２０２４,無ｱﾃﾞ 無線ｼｽﾃﾑ技･無線ｼｽﾃﾑ技,,,,
24UA1E1379,EPC-iSIMローミングStep3_2503#3,無ｱﾃﾞ 無線ｼｽﾃﾑ技･無線ｼｽﾃﾑ技,,,,
24UA258738,海外商用_5GC-SIM_SW_RIC,無ｱﾃﾞ 無線ｼｽﾃﾑ技･無線ｼｽﾃﾑ技,,,,
24UA260807,4GvRAN_N305_AC電源敷設_2502,無ｱﾃﾞ 無線ｼｽﾃﾑ技･無線ｼｽﾃﾑ技,,,,
24UA2W1114,N101_海外vRAN試験用AC電源工事2,無ｱﾃﾞ 無線ｼｽﾃﾑ技･無線ｼｽﾃﾑ技,,,,
24VA0K7645,eNB(HD)23Bソフトウェア,無ｱﾃﾞ 無線ｼｽﾃﾑ技･無線ｼｽﾃﾑ技,,,,
24VA253519,UE-SIM_SW_PSM_09,無ｱﾃﾞ 無線ｼｽﾃﾑ技･無線ｼｽﾃﾑ技,,,,
24VA258739,海外商用_5GC-SIM_SW_対向,無ｱﾃﾞ 無線ｼｽﾃﾑ技･無線ｼｽﾃﾑ技,,,,
24VA281706,E500-AS2セル数拡張機能ソフト#1,無ｱﾃﾞ 無線ｼｽﾃﾑ技･無線ｼｽﾃﾑ技,,,,
24WA281707,E500-AS2セル数拡張機能ソフト#2,無ｱﾃﾞ 無線ｼｽﾃﾑ技･無線ｼｽﾃﾑ技,,,,
24XA1H9619,SAM-MMU用DC電源工事,無ｱﾃﾞ 無線ｼｽﾃﾑ技･無線ｼｽﾃﾑ技,,,,
24XA1J8848,UE-SIM_SW(VIAVI,E500-AS2)-10,無ｱﾃﾞ 無線ｼｽﾃﾑ技･無線ｼｽﾃﾑ技,,,,
24YA299658,FR系開発LAN工事_2503,無ｱﾃﾞ 無線ｼｽﾃﾑ技･無線ｼｽﾃﾑ技,,,,
250A0W2149,通研空調#1,無ｱﾃﾞ 無線ｼｽﾃﾑ技･無線ｼｽﾃﾑ技,,,,
250A0W7609,202509_海外商用_QXDM/QCATライ,無ｱﾃﾞ 無線ｼｽﾃﾑ技･無線ｼｽﾃﾑ技,,,,
250A1W2759,海外商用_電波吸収壁_202601_#4,無ｱﾃﾞ 無線ｼｽﾃﾑ技･無線ｼｽﾃﾑ技,,,,
250A1W3149,DuoSIM-5G VoNR対応SW(基本機能),無ｱﾃﾞ 無線ｼｽﾃﾑ技･無線ｼｽﾃﾑ技,,,,
250A1W4539,無停電電源装置（ＵＰＳ）用交換,無ｱﾃﾞ 無線ｼｽﾃﾑ技･無線ｼｽﾃﾑ技,,,,
25FA0X6960,商模_N4001_45GSRU_2,無ｱﾃﾞ 無線ｼｽﾃﾑ技･無線ｼｽﾃﾑ技,,,,
25FA1L5910,海外商用_対向系_アンテナカプラ,無ｱﾃﾞ 無線ｼｽﾃﾑ技･無線ｼｽﾃﾑ技,,,,
25FA1L5920,海外商用_対向系_アンテナカプラ,無ｱﾃﾞ 無線ｼｽﾃﾑ技･無線ｼｽﾃﾑ技,,,,
25FA1L5930,海外商用_自動化_アンテナカプラ,無ｱﾃﾞ 無線ｼｽﾃﾑ技･無線ｼｽﾃﾑ技,,,,
25FA1X4210,ＧａｌａｘｙＳ２５ＵｌｔｒａＳ,無ｱﾃﾞ 無線ｼｽﾃﾑ技･無線ｼｽﾃﾑ技,,,,
25FA1X4220,ＧａｌａｘｙＳ２５ＵｌｔｒａＳ,無ｱﾃﾞ 無線ｼｽﾃﾑ技･無線ｼｽﾃﾑ技,,,,
25FA1X4230,ＡＱＵＯＳ　ｓｅｎｓｅ１０　Ｓ,無ｱﾃﾞ 無線ｼｽﾃﾑ技･無線ｼｽﾃﾑ技,,,,
25FA1X4240,ＡＱＵＯＳ　Ｒ１０　ＳＨ－５１,無ｱﾃﾞ 無線ｼｽﾃﾑ技･無線ｼｽﾃﾑ技,,,,
25FA1X4250,ＡＱＵＯＳ　Ｒ１０　ＳＨ－５１,無ｱﾃﾞ 無線ｼｽﾃﾑ技･無線ｼｽﾃﾑ技,,,,
25FA1X4260,ＡＱＵＯＳ　Ｒ１０　ＳＨ－５１,無ｱﾃﾞ 無線ｼｽﾃﾑ技･無線ｼｽﾃﾑ技,,,,
25FA1X4270,ＡＱＵＯＳ　Ｒ１０　ＳＨ－５１,無ｱﾃﾞ 無線ｼｽﾃﾑ技･無線ｼｽﾃﾑ技,,,,
25FA1X4280,ＡＱＵＯＳ　Ｒ１０　ＳＨ－５１,無ｱﾃﾞ 無線ｼｽﾃﾑ技･無線ｼｽﾃﾑ技,,,,
25GA0Y3750,Office Standard SLng LSA OLV N,無ｱﾃﾞ 無線ｼｽﾃﾑ技･無線ｼｽﾃﾑ技,,,,
25GA0Y3760,Office Standard SLng LSA OLV N,無ｱﾃﾞ 無線ｼｽﾃﾑ技･無線ｼｽﾃﾑ技,,,,
25GA1L5911,海外商用_対向系_アンテナカプラ,無ｱﾃﾞ 無線ｼｽﾃﾑ技･無線ｼｽﾃﾑ技,,,,
25GA1L5921,海外商用_対向系_アンテナカプラ,無ｱﾃﾞ 無線ｼｽﾃﾑ技･無線ｼｽﾃﾑ技,,,,
25GA1L5931,海外商用_自動化_アンテナカプラ,無ｱﾃﾞ 無線ｼｽﾃﾑ技･無線ｼｽﾃﾑ技,,,,
25GA1M1590,対向系 NOKIA-LS RET治具 202512,無ｱﾃﾞ 無線ｼｽﾃﾑ技･無線ｼｽﾃﾑ技,,,,
25GA1X4211,ＧａｌａｘｙＳ２５ＵｌｔｒａＳ,無ｱﾃﾞ 無線ｼｽﾃﾑ技･無線ｼｽﾃﾑ技,,,,
25GA1X4221,ＧａｌａｘｙＳ２５ＵｌｔｒａＳ,無ｱﾃﾞ 無線ｼｽﾃﾑ技･無線ｼｽﾃﾑ技,,,,
25GA1X4231,ＡＱＵＯＳ　ｓｅｎｓｅ１０　Ｓ,無ｱﾃﾞ 無線ｼｽﾃﾑ技･無線ｼｽﾃﾑ技,,,,
25GA1X4241,ＡＱＵＯＳ　Ｒ１０　ＳＨ－５１,無ｱﾃﾞ 無線ｼｽﾃﾑ技･無線ｼｽﾃﾑ技,,,,
25GA1X4251,ＡＱＵＯＳ　Ｒ１０　ＳＨ－５１,無ｱﾃﾞ 無線ｼｽﾃﾑ技･無線ｼｽﾃﾑ技,,,,
25GA1X4261,ＡＱＵＯＳ　Ｒ１０　ＳＨ－５１,無ｱﾃﾞ 無線ｼｽﾃﾑ技･無線ｼｽﾃﾑ技,,,,
25GA1X4271,ＡＱＵＯＳ　Ｒ１０　ＳＨ－５１,無ｱﾃﾞ 無線ｼｽﾃﾑ技･無線ｼｽﾃﾑ技,,,,
25GA1X4281,ＡＱＵＯＳ　Ｒ１０　ＳＨ－５１,無ｱﾃﾞ 無線ｼｽﾃﾑ技･無線ｼｽﾃﾑ技,,,,
25GA218960,GT系自動化_UEBOX_2603,無ｱﾃﾞ 無線ｼｽﾃﾑ技･無線ｼｽﾃﾑ技,,,,
25HA0A0172,SEF26A(高密度)先行評価試験,無ｱﾃﾞ 無線ｼｽﾃﾑ技･無線ｼｽﾃﾑ技,,,,
25HA0X6972,対向系　19インチラック_202508,無ｱﾃﾞ 無線ｼｽﾃﾑ技･無線ｼｽﾃﾑ技,,,,
25HA0Y3751,Office Standard SLng LSA OLV N,無ｱﾃﾞ 無線ｼｽﾃﾑ技･無線ｼｽﾃﾑ技,,,,
25HA0Y3761,Office Standard SLng LSA OLV N,無ｱﾃﾞ 無線ｼｽﾃﾑ技･無線ｼｽﾃﾑ技,,,,
25HA1L5912,海外商用_対向系_アンテナカプラ,無ｱﾃﾞ 無線ｼｽﾃﾑ技･無線ｼｽﾃﾑ技,,,,
25HA1L5922,海外商用_対向系_アンテナカプラ,無ｱﾃﾞ 無線ｼｽﾃﾑ技･無線ｼｽﾃﾑ技,,,,
25HA1L5932,海外商用_自動化_アンテナカプラ,無ｱﾃﾞ 無線ｼｽﾃﾑ技･無線ｼｽﾃﾑ技,,,,
25HA1X4212,ＧａｌａｘｙＳ２５ＵｌｔｒａＳ,無ｱﾃﾞ 無線ｼｽﾃﾑ技･無線ｼｽﾃﾑ技,,,,
25HA1X4222,ＧａｌａｘｙＳ２５ＵｌｔｒａＳ,無ｱﾃﾞ 無線ｼｽﾃﾑ技･無線ｼｽﾃﾑ技,,,,
25HA1X4232,ＡＱＵＯＳ　ｓｅｎｓｅ１０　Ｓ,無ｱﾃﾞ 無線ｼｽﾃﾑ技･無線ｼｽﾃﾑ技,,,,
25HA1X4242,ＡＱＵＯＳ　Ｒ１０　ＳＨ－５１,無ｱﾃﾞ 無線ｼｽﾃﾑ技･無線ｼｽﾃﾑ技,,,,
25HA1X4252,ＡＱＵＯＳ　Ｒ１０　ＳＨ－５１,無ｱﾃﾞ 無線ｼｽﾃﾑ技･無線ｼｽﾃﾑ技,,,,
25HA1X4262,ＡＱＵＯＳ　Ｒ１０　ＳＨ－５１,無ｱﾃﾞ 無線ｼｽﾃﾑ技･無線ｼｽﾃﾑ技,,,,
25HA1X4272,ＡＱＵＯＳ　Ｒ１０　ＳＨ－５１,無ｱﾃﾞ 無線ｼｽﾃﾑ技･無線ｼｽﾃﾑ技,,,,
25HA1X4282,ＡＱＵＯＳ　Ｒ１０　ＳＨ－５１,無ｱﾃﾞ 無線ｼｽﾃﾑ技･無線ｼｽﾃﾑ技,,,,
25HA204712,NR用FJT_vRANソフトウェア2,無ｱﾃﾞ 無線ｼｽﾃﾑ技･無線ｼｽﾃﾑ技,,,,
25HA218961,GT系自動化_RUBOX_2603,無ｱﾃﾞ 無線ｼｽﾃﾑ技･無線ｼｽﾃﾑ技,,,,
25HA221650,L1L2系_CN-SIM_SW_VoNR_09,無ｱﾃﾞ 無線ｼｽﾃﾑ技･無線ｼｽﾃﾑ技,,,,
25HA2C3460,対向系光マトリクススイッチ_202,無ｱﾃﾞ 無線ｼｽﾃﾑ技･無線ｼｽﾃﾑ技,,,,
25JA013942,25年度_FR_NK3３CCCA対応,無ｱﾃﾞ 無線ｼｽﾃﾑ技･無線ｼｽﾃﾑ技,,,,
25JA0D3680,NR用FJT_vRANソフトウェア1,無ｱﾃﾞ 無線ｼｽﾃﾑ技･無線ｼｽﾃﾑ技,,,,
25JA0X6973,対向系　19インチラック_202508,無ｱﾃﾞ 無線ｼｽﾃﾑ技･無線ｼｽﾃﾑ技,,,,
25JA0Y3752,Office Standard SLng LSA OLV N,無ｱﾃﾞ 無線ｼｽﾃﾑ技･無線ｼｽﾃﾑ技,,,,
25JA0Y3762,Office Standard SLng LSA OLV N,無ｱﾃﾞ 無線ｼｽﾃﾑ技･無線ｼｽﾃﾑ技,,,,
25JA1L5913,海外商用_対向系_アンテナカプラ,無ｱﾃﾞ 無線ｼｽﾃﾑ技･無線ｼｽﾃﾑ技,,,,
25JA1L5923,海外商用_対向系_アンテナカプラ,無ｱﾃﾞ 無線ｼｽﾃﾑ技･無線ｼｽﾃﾑ技,,,,
25JA1L5933,海外商用_自動化_アンテナカプラ,無ｱﾃﾞ 無線ｼｽﾃﾑ技･無線ｼｽﾃﾑ技,,,,
25JA1M4012,海外商用RHOCP_EMS_Dell,無ｱﾃﾞ 無線ｼｽﾃﾑ技･無線ｼｽﾃﾑ技,,,,
25JA1P2420,対向系_GFlex_202512_#1,無ｱﾃﾞ 無線ｼｽﾃﾑ技･無線ｼｽﾃﾑ技,,,,
25JA1X4213,ＧａｌａｘｙＳ２５ＵｌｔｒａＳ,無ｱﾃﾞ 無線ｼｽﾃﾑ技･無線ｼｽﾃﾑ技,,,,
25JA1X4223,ＧａｌａｘｙＳ２５ＵｌｔｒａＳ,無ｱﾃﾞ 無線ｼｽﾃﾑ技･無線ｼｽﾃﾑ技,,,,
25JA1X4233,ＡＱＵＯＳ　ｓｅｎｓｅ１０　Ｓ,無ｱﾃﾞ 無線ｼｽﾃﾑ技･無線ｼｽﾃﾑ技,,,,
25JA1X4243,ＡＱＵＯＳ　Ｒ１０　ＳＨ－５１,無ｱﾃﾞ 無線ｼｽﾃﾑ技･無線ｼｽﾃﾑ技,,,,
25JA1X4253,ＡＱＵＯＳ　Ｒ１０　ＳＨ－５１,無ｱﾃﾞ 無線ｼｽﾃﾑ技･無線ｼｽﾃﾑ技,,,,
25JA1X4263,ＡＱＵＯＳ　Ｒ１０　ＳＨ－５１,無ｱﾃﾞ 無線ｼｽﾃﾑ技･無線ｼｽﾃﾑ技,,,,
25JA1X4273,ＡＱＵＯＳ　Ｒ１０　ＳＨ－５１,無ｱﾃﾞ 無線ｼｽﾃﾑ技･無線ｼｽﾃﾑ技,,,,
25JA1X4283,ＡＱＵＯＳ　Ｒ１０　ＳＨ－５１,無ｱﾃﾞ 無線ｼｽﾃﾑ技･無線ｼｽﾃﾑ技,,,,
25JA1Y3102,2025_商用模擬試験用EcoBB#1,無ｱﾃﾞ 無線ｼｽﾃﾑ技･無線ｼｽﾃﾑ技,,,,
25JA218982,UE-SIM_SW_VoNR_01,無ｱﾃﾞ 無線ｼｽﾃﾑ技･無線ｼｽﾃﾑ技,,,,
25JA221651,L1L2系_CN-SIM_SW_VoNR_10,無ｱﾃﾞ 無線ｼｽﾃﾑ技･無線ｼｽﾃﾑ技,,,,
25JA237350,海外商用_安定化電源2603#10,無ｱﾃﾞ 無線ｼｽﾃﾑ技･無線ｼｽﾃﾑ技,,,,
25KA045870,安定化電源_海外商用_RIC_2025#4,無ｱﾃﾞ 無線ｼｽﾃﾑ技･無線ｼｽﾃﾑ技,,,,
25KA0Y3743,Office Standard SLng LSA OLV N,無ｱﾃﾞ 無線ｼｽﾃﾑ技･無線ｼｽﾃﾑ技,,,,
25KA0Y3753,Office Standard SLng LSA OLV N,無ｱﾃﾞ 無線ｼｽﾃﾑ技･無線ｼｽﾃﾑ技,,,,
25KA0Y3763,Office Standard SLng LSA OLV N,無ｱﾃﾞ 無線ｼｽﾃﾑ技･無線ｼｽﾃﾑ技,,,,
25KA146360,トラヒック解析ツール作成委託＿,無ｱﾃﾞ 無線ｼｽﾃﾑ技･無線ｼｽﾃﾑ技,,,,
25KA1L5914,海外商用_対向系_アンテナカプラ,無ｱﾃﾞ 無線ｼｽﾃﾑ技･無線ｼｽﾃﾑ技,,,,
25KA1L5924,海外商用_対向系_アンテナカプラ,無ｱﾃﾞ 無線ｼｽﾃﾑ技･無線ｼｽﾃﾑ技,,,,
25KA1L5934,海外商用_自動化_アンテナカプラ,無ｱﾃﾞ 無線ｼｽﾃﾑ技･無線ｼｽﾃﾑ技,,,,
25KA1P2421,対向系_GFlex_202512_#2,無ｱﾃﾞ 無線ｼｽﾃﾑ技･無線ｼｽﾃﾑ技,,,,
25KA1X4214,ＧａｌａｘｙＳ２５ＵｌｔｒａＳ,無ｱﾃﾞ 無線ｼｽﾃﾑ技･無線ｼｽﾃﾑ技,,,,
25KA1X4224,ＧａｌａｘｙＳ２５ＵｌｔｒａＳ,無ｱﾃﾞ 無線ｼｽﾃﾑ技･無線ｼｽﾃﾑ技,,,,
25KA1X4234,ＡＱＵＯＳ　ｓｅｎｓｅ１０　Ｓ,無ｱﾃﾞ 無線ｼｽﾃﾑ技･無線ｼｽﾃﾑ技,,,,
25KA1X4244,ＡＱＵＯＳ　Ｒ１０　ＳＨ－５１,無ｱﾃﾞ 無線ｼｽﾃﾑ技･無線ｼｽﾃﾑ技,,,,
25KA1X4254,ＡＱＵＯＳ　Ｒ１０　ＳＨ－５１,無ｱﾃﾞ 無線ｼｽﾃﾑ技･無線ｼｽﾃﾑ技,,,,
25KA1X4264,ＡＱＵＯＳ　Ｒ１０　ＳＨ－５１,無ｱﾃﾞ 無線ｼｽﾃﾑ技･無線ｼｽﾃﾑ技,,,,
25KA1X4274,ＡＱＵＯＳ　Ｒ１０　ＳＨ－５１,無ｱﾃﾞ 無線ｼｽﾃﾑ技･無線ｼｽﾃﾑ技,,,,
25KA1X4284,ＡＱＵＯＳ　Ｒ１０　ＳＨ－５１,無ｱﾃﾞ 無線ｼｽﾃﾑ技･無線ｼｽﾃﾑ技,,,,
25KA1Y3103,2025_商用模擬試験用EcoBB#2,無ｱﾃﾞ 無線ｼｽﾃﾑ技･無線ｼｽﾃﾑ技,,,,
25KA218983,UE-SIM_SW_VoNR_06,無ｱﾃﾞ 無線ｼｽﾃﾑ技･無線ｼｽﾃﾑ技,,,,
25KA237341,海外商用_安定化電源2603#1,無ｱﾃﾞ 無線ｼｽﾃﾑ技･無線ｼｽﾃﾑ技,,,,
25LA0R9601,対向系 NOKIA-CU#9_追加,無ｱﾃﾞ 無線ｼｽﾃﾑ技･無線ｼｽﾃﾑ技,,,,
25LA0Y3744,Office Standard SLng LSA OLV N,無ｱﾃﾞ 無線ｼｽﾃﾑ技･無線ｼｽﾃﾑ技,,,,
25LA0Y3754,Office Standard SLng LSA OLV N,無ｱﾃﾞ 無線ｼｽﾃﾑ技･無線ｼｽﾃﾑ技,,,,
25LA0Y3764,Office Standard SLng LSA OLV N,無ｱﾃﾞ 無線ｼｽﾃﾑ技･無線ｼｽﾃﾑ技,,,,
25LA1D5682,商用模擬試験用EcoCU,無ｱﾃﾞ 無線ｼｽﾃﾑ技･無線ｼｽﾃﾑ技,,,,
25LA1L5915,海外商用_対向系_アンテナカプラ,無ｱﾃﾞ 無線ｼｽﾃﾑ技･無線ｼｽﾃﾑ技,,,,
25LA1L5925,海外商用_対向系_アンテナカプラ,無ｱﾃﾞ 無線ｼｽﾃﾑ技･無線ｼｽﾃﾑ技,,,,
25LA1L5935,海外商用_自動化_アンテナカプラ,無ｱﾃﾞ 無線ｼｽﾃﾑ技･無線ｼｽﾃﾑ技,,,,
25LA1P2422,対向系_GFlex_202512_#3,無ｱﾃﾞ 無線ｼｽﾃﾑ技･無線ｼｽﾃﾑ技,,,,
25LA1S2220,RFスイッチ_GT系自動化_2603,無ｱﾃﾞ 無線ｼｽﾃﾑ技･無線ｼｽﾃﾑ技,,,,
25LA1S3420,GT系_自動化_D-ATT_2026#3,無ｱﾃﾞ 無線ｼｽﾃﾑ技･無線ｼｽﾃﾑ技,,,,
25LA1X4215,ＧａｌａｘｙＳ２５ＵｌｔｒａＳ,無ｱﾃﾞ 無線ｼｽﾃﾑ技･無線ｼｽﾃﾑ技,,,,
25LA1X4225,ＧａｌａｘｙＳ２５ＵｌｔｒａＳ,無ｱﾃﾞ 無線ｼｽﾃﾑ技･無線ｼｽﾃﾑ技,,,,
25LA1X4235,ＡＱＵＯＳ　ｓｅｎｓｅ１０　Ｓ,無ｱﾃﾞ 無線ｼｽﾃﾑ技･無線ｼｽﾃﾑ技,,,,
25LA1X4245,ＡＱＵＯＳ　Ｒ１０　ＳＨ－５１,無ｱﾃﾞ 無線ｼｽﾃﾑ技･無線ｼｽﾃﾑ技,,,,
25LA1X4255,ＡＱＵＯＳ　Ｒ１０　ＳＨ－５１,無ｱﾃﾞ 無線ｼｽﾃﾑ技･無線ｼｽﾃﾑ技,,,,
25LA1X4265,ＡＱＵＯＳ　Ｒ１０　ＳＨ－５１,無ｱﾃﾞ 無線ｼｽﾃﾑ技･無線ｼｽﾃﾑ技,,,,
25LA1X4275,ＡＱＵＯＳ　Ｒ１０　ＳＨ－５１,無ｱﾃﾞ 無線ｼｽﾃﾑ技･無線ｼｽﾃﾑ技,,,,
25LA1X4285,ＡＱＵＯＳ　Ｒ１０　ＳＨ－５１,無ｱﾃﾞ 無線ｼｽﾃﾑ技･無線ｼｽﾃﾑ技,,,,
25LA216994,SS次世代DU設置工事(N303,EN401),無ｱﾃﾞ 無線ｼｽﾃﾑ技･無線ｼｽﾃﾑ技,,,,
25LA218984,UE-SIM_SW_VoNR_10,無ｱﾃﾞ 無線ｼｽﾃﾑ技･無線ｼｽﾃﾑ技,,,,
25LA237342,海外商用_安定化電源2603#2,無ｱﾃﾞ 無線ｼｽﾃﾑ技･無線ｼｽﾃﾑ技,,,,
25MA0D7073,海外商用系VLAN設定_2025_07,無ｱﾃﾞ 無線ｼｽﾃﾑ技･無線ｼｽﾃﾑ技,,,,
25MA0Y3745,Office Standard SLng LSA OLV N,無ｱﾃﾞ 無線ｼｽﾃﾑ技･無線ｼｽﾃﾑ技,,,,
25MA0Y3755,Office Standard SLng LSA OLV N,無ｱﾃﾞ 無線ｼｽﾃﾑ技･無線ｼｽﾃﾑ技,,,,
25MA0Y3765,Office Standard SLng LSA OLV N,無ｱﾃﾞ 無線ｼｽﾃﾑ技･無線ｼｽﾃﾑ技,,,,
25MA1L5916,海外商用_対向系_アンテナカプラ,無ｱﾃﾞ 無線ｼｽﾃﾑ技･無線ｼｽﾃﾑ技,,,,
25MA1L5926,海外商用_対向系_アンテナカプラ,無ｱﾃﾞ 無線ｼｽﾃﾑ技･無線ｼｽﾃﾑ技,,,,
25MA1L5936,海外商用_自動化_アンテナカプラ,無ｱﾃﾞ 無線ｼｽﾃﾑ技･無線ｼｽﾃﾑ技,,,,
25MA1P2423,5Gパケットキャプチャ_IPNF_2025,無ｱﾃﾞ 無線ｼｽﾃﾑ技･無線ｼｽﾃﾑ技,,,,
25MA1R3482,対向系_5GC-SIM_202601,無ｱﾃﾞ 無線ｼｽﾃﾑ技･無線ｼｽﾃﾑ技,,,,
25MA1S3421,GT系_自動化_D-ATT_2026#4,無ｱﾃﾞ 無線ｼｽﾃﾑ技･無線ｼｽﾃﾑ技,,,,
25MA1T5110,FH Monitorライセンス,無ｱﾃﾞ 無線ｼｽﾃﾑ技･無線ｼｽﾃﾑ技,,,,
25MA1X4216,ＧａｌａｘｙＳ２５ＵｌｔｒａＳ,無ｱﾃﾞ 無線ｼｽﾃﾑ技･無線ｼｽﾃﾑ技,,,,
25MA1X4226,ＧａｌａｘｙＳ２５ＵｌｔｒａＳ,無ｱﾃﾞ 無線ｼｽﾃﾑ技･無線ｼｽﾃﾑ技,,,,
25MA1X4236,ＡＱＵＯＳ　ｓｅｎｓｅ１０　Ｓ,無ｱﾃﾞ 無線ｼｽﾃﾑ技･無線ｼｽﾃﾑ技,,,,
25MA1X4246,ＡＱＵＯＳ　Ｒ１０　ＳＨ－５１,無ｱﾃﾞ 無線ｼｽﾃﾑ技･無線ｼｽﾃﾑ技,,,,
25MA1X4256,ＡＱＵＯＳ　Ｒ１０　ＳＨ－５１,無ｱﾃﾞ 無線ｼｽﾃﾑ技･無線ｼｽﾃﾑ技,,,,
25MA1X4266,ＡＱＵＯＳ　Ｒ１０　ＳＨ－５１,無ｱﾃﾞ 無線ｼｽﾃﾑ技･無線ｼｽﾃﾑ技,,,,
25MA1X4276,ＡＱＵＯＳ　Ｒ１０　ＳＨ－５１,無ｱﾃﾞ 無線ｼｽﾃﾑ技･無線ｼｽﾃﾑ技,,,,
25MA1X4286,ＡＱＵＯＳ　Ｒ１０　ＳＨ－５１,無ｱﾃﾞ 無線ｼｽﾃﾑ技･無線ｼｽﾃﾑ技,,,,
25MA233383,海外商用 1FMMU 架台#1,無ｱﾃﾞ 無線ｼｽﾃﾑ技･無線ｼｽﾃﾑ技,,,,
25MA237343,海外商用_安定化電源2603#3,無ｱﾃﾞ 無線ｼｽﾃﾑ技･無線ｼｽﾃﾑ技,,,,
25MA2F5811,WA52-30-0303,無ｱﾃﾞ 無線ｼｽﾃﾑ技･無線ｼｽﾃﾑ技,,,,
25MA2G1070,海外商用系用_Cisco N540_2509#6,無ｱﾃﾞ 無線ｼｽﾃﾑ技･無線ｼｽﾃﾑ技,,,,
25MA2G1080,海外商用系用_Cisco N540_2509#1,無ｱﾃﾞ 無線ｼｽﾃﾑ技･無線ｼｽﾃﾑ技,,,,
25MA2G1090,海外商用系用_Cisco N540_2509#2,無ｱﾃﾞ 無線ｼｽﾃﾑ技･無線ｼｽﾃﾑ技,,,,
25MA2G1100,海外商用系用_Cisco N540_2509#3,無ｱﾃﾞ 無線ｼｽﾃﾑ技･無線ｼｽﾃﾑ技,,,,
25NA021175,N301_空調増設工事,無ｱﾃﾞ 無線ｼｽﾃﾑ技･無線ｼｽﾃﾑ技,,,,
25NA0X6957,商模_N4001_37GSRU_1,無ｱﾃﾞ 無線ｼｽﾃﾑ技･無線ｼｽﾃﾑ技,,,,
25NA0Y3746,Office Standard SLng LSA OLV N,無ｱﾃﾞ 無線ｼｽﾃﾑ技･無線ｼｽﾃﾑ技,,,,
25NA0Y3756,Office Standard SLng LSA OLV N,無ｱﾃﾞ 無線ｼｽﾃﾑ技･無線ｼｽﾃﾑ技,,,,
25NA0Y3766,Office Standard SLng LSA OLV N,無ｱﾃﾞ 無線ｼｽﾃﾑ技･無線ｼｽﾃﾑ技,,,,
25NA1E4603,LLM検証用_DGX_Spark#1,無ｱﾃﾞ 無線ｼｽﾃﾑ技･無線ｼｽﾃﾑ技,,,,
25NA1L5917,海外商用_対向系_アンテナカプラ,無ｱﾃﾞ 無線ｼｽﾃﾑ技･無線ｼｽﾃﾑ技,,,,
25NA1L5927,海外商用_対向系_アンテナカプラ,無ｱﾃﾞ 無線ｼｽﾃﾑ技･無線ｼｽﾃﾑ技,,,,
25NA1L5937,海外商用_自動化_アンテナカプラ,無ｱﾃﾞ 無線ｼｽﾃﾑ技･無線ｼｽﾃﾑ技,,,,
25NA1P2424,5Gパケットキャプチャ_IPNF_2025,無ｱﾃﾞ 無線ｼｽﾃﾑ技･無線ｼｽﾃﾑ技,,,,
25NA1R3483,対向系_IMS-GW Server_202601,無ｱﾃﾞ 無線ｼｽﾃﾑ技･無線ｼｽﾃﾑ技,,,,
25NA1S3422,GT系_自動化_D-ATT_2026#5,無ｱﾃﾞ 無線ｼｽﾃﾑ技･無線ｼｽﾃﾑ技,,,,
25NA1S4982,SFP-10/25G-BXD-I=,無ｱﾃﾞ 無線ｼｽﾃﾑ技･無線ｼｽﾃﾑ技,,,,
25NA1X4217,ＧａｌａｘｙＳ２５ＵｌｔｒａＳ,無ｱﾃﾞ 無線ｼｽﾃﾑ技･無線ｼｽﾃﾑ技,,,,
25NA1X4227,ＧａｌａｘｙＳ２５ＵｌｔｒａＳ,無ｱﾃﾞ 無線ｼｽﾃﾑ技･無線ｼｽﾃﾑ技,,,,
25NA1X4237,ＡＱＵＯＳ　ｓｅｎｓｅ１０　Ｓ,無ｱﾃﾞ 無線ｼｽﾃﾑ技･無線ｼｽﾃﾑ技,,,,
25NA1X4247,ＡＱＵＯＳ　Ｒ１０　ＳＨ－５１,無ｱﾃﾞ 無線ｼｽﾃﾑ技･無線ｼｽﾃﾑ技,,,,
25NA1X4257,ＡＱＵＯＳ　Ｒ１０　ＳＨ－５１,無ｱﾃﾞ 無線ｼｽﾃﾑ技･無線ｼｽﾃﾑ技,,,,
25NA1X4267,ＡＱＵＯＳ　Ｒ１０　ＳＨ－５１,無ｱﾃﾞ 無線ｼｽﾃﾑ技･無線ｼｽﾃﾑ技,,,,
25NA1X4277,ＡＱＵＯＳ　Ｒ１０　ＳＨ－５１,無ｱﾃﾞ 無線ｼｽﾃﾑ技･無線ｼｽﾃﾑ技,,,,
25NA1X4287,ＡＱＵＯＳ　Ｒ１０　ＳＨ－５１,無ｱﾃﾞ 無線ｼｽﾃﾑ技･無線ｼｽﾃﾑ技,,,,
25NA233384,海外商用 1FMMU 架台#2,無ｱﾃﾞ 無線ｼｽﾃﾑ技･無線ｼｽﾃﾑ技,,,,
25NA237344,海外商用_安定化電源2603#4,無ｱﾃﾞ 無線ｼｽﾃﾑ技･無線ｼｽﾃﾑ技,,,,
25NA271810,4GvRAN(3.0)IPNF_IPv4/IPv6 Dual,無ｱﾃﾞ 無線ｼｽﾃﾑ技･無線ｼｽﾃﾑ技,,,,
25NA2G1071,海外商用系用_Cisco N540_2509#7,無ｱﾃﾞ 無線ｼｽﾃﾑ技･無線ｼｽﾃﾑ技,,,,
25NA2G1081,海外商用系用_Cisco N540_2509#1,無ｱﾃﾞ 無線ｼｽﾃﾑ技･無線ｼｽﾃﾑ技,,,,
25NA2G1091,海外商用系用_Cisco N540_2509#2,無ｱﾃﾞ 無線ｼｽﾃﾑ技･無線ｼｽﾃﾑ技,,,,
25NA2G1101,海外商用系用_Cisco N540_2509#3,無ｱﾃﾞ 無線ｼｽﾃﾑ技･無線ｼｽﾃﾑ技,,,,
25PA0L4878,25年度_28GNRU,無ｱﾃﾞ 無線ｼｽﾃﾑ技･無線ｼｽﾃﾑ技,,,,
25PA0X6958,商模_N4001_37GSRU_2,無ｱﾃﾞ 無線ｼｽﾃﾑ技･無線ｼｽﾃﾑ技,,,,
25PA0Y3747,Office Standard SLng LSA OLV N,無ｱﾃﾞ 無線ｼｽﾃﾑ技･無線ｼｽﾃﾑ技,,,,
25PA0Y3757,Office Standard SLng LSA OLV N,無ｱﾃﾞ 無線ｼｽﾃﾑ技･無線ｼｽﾃﾑ技,,,,
25PA0Y3767,Office Standard SLng LSA OLV N,無ｱﾃﾞ 無線ｼｽﾃﾑ技･無線ｼｽﾃﾑ技,,,,
25PA1E4604,LLM検証用_DGX_Spark#2,無ｱﾃﾞ 無線ｼｽﾃﾑ技･無線ｼｽﾃﾑ技,,,,
25PA1J9180,DuoSIMχ号機 SMSA,無ｱﾃﾞ 無線ｼｽﾃﾑ技･無線ｼｽﾃﾑ技,,,,
25PA1L5918,海外商用_対向系_アンテナカプラ,無ｱﾃﾞ 無線ｼｽﾃﾑ技･無線ｼｽﾃﾑ技,,,,
25PA1L5928,海外商用_対向系_アンテナカプラ,無ｱﾃﾞ 無線ｼｽﾃﾑ技･無線ｼｽﾃﾑ技,,,,
25PA1R3484,対向系_IMS-INFone_202601,無ｱﾃﾞ 無線ｼｽﾃﾑ技･無線ｼｽﾃﾑ技,,,,
25PA1S3423,GT系_自動化_D-ATT_2026#6,無ｱﾃﾞ 無線ｼｽﾃﾑ技･無線ｼｽﾃﾑ技,,,,
25PA1S4983,SFP-10/25G-LR-S=,無ｱﾃﾞ 無線ｼｽﾃﾑ技･無線ｼｽﾃﾑ技,,,,
25PA1X4208,ＧａｌａｘｙＳ２５ＵｌｔｒａＳ,無ｱﾃﾞ 無線ｼｽﾃﾑ技･無線ｼｽﾃﾑ技,,,,
25PA1X4218,ＧａｌａｘｙＳ２５ＵｌｔｒａＳ,無ｱﾃﾞ 無線ｼｽﾃﾑ技･無線ｼｽﾃﾑ技,,,,
25PA1X4228,ＡＱＵＯＳ　ｓｅｎｓｅ１０　Ｓ,無ｱﾃﾞ 無線ｼｽﾃﾑ技･無線ｼｽﾃﾑ技,,,,
25PA1X4238,ＡＱＵＯＳ　Ｒ１０　ＳＨ－５１,無ｱﾃﾞ 無線ｼｽﾃﾑ技･無線ｼｽﾃﾑ技,,,,
25PA1X4248,ＡＱＵＯＳ　Ｒ１０　ＳＨ－５１,無ｱﾃﾞ 無線ｼｽﾃﾑ技･無線ｼｽﾃﾑ技,,,,
25PA1X4258,ＡＱＵＯＳ　Ｒ１０　ＳＨ－５１,無ｱﾃﾞ 無線ｼｽﾃﾑ技･無線ｼｽﾃﾑ技,,,,
25PA1X4268,ＡＱＵＯＳ　Ｒ１０　ＳＨ－５１,無ｱﾃﾞ 無線ｼｽﾃﾑ技･無線ｼｽﾃﾑ技,,,,
25PA1X4278,ＡＱＵＯＳ　Ｒ１０　ＳＨ－５１,無ｱﾃﾞ 無線ｼｽﾃﾑ技･無線ｼｽﾃﾑ技,,,,
25PA1Y3127,2025_CP試験用_mousePC,無ｱﾃﾞ 無線ｼｽﾃﾑ技･無線ｼｽﾃﾑ技,,,,
25PA221646,L1L2系_IMS-GW Server_202603#1,無ｱﾃﾞ 無線ｼｽﾃﾑ技･無線ｼｽﾃﾑ技,,,,
25PA233385,海外商用 1FMMU 架台#3,無ｱﾃﾞ 無線ｼｽﾃﾑ技･無線ｼｽﾃﾑ技,,,,
25PA236275,N301AC電源工事_L1L2_202603_2系,無ｱﾃﾞ 無線ｼｽﾃﾑ技･無線ｼｽﾃﾑ技,,,,
25PA237345,海外商用_安定化電源2603#5,無ｱﾃﾞ 無線ｼｽﾃﾑ技･無線ｼｽﾃﾑ技,,,,
25PA2G1072,海外商用系用_Cisco N540_2509#8,無ｱﾃﾞ 無線ｼｽﾃﾑ技･無線ｼｽﾃﾑ技,,,,
25PA2G1082,海外商用系用_Cisco N540_2509#1,無ｱﾃﾞ 無線ｼｽﾃﾑ技･無線ｼｽﾃﾑ技,,,,
25PA2G1092,海外商用系用_Cisco N540_2509#2,無ｱﾃﾞ 無線ｼｽﾃﾑ技･無線ｼｽﾃﾑ技,,,,
25PA2G1102,海外商用系用_Cisco N540_2509#3,無ｱﾃﾞ 無線ｼｽﾃﾑ技･無線ｼｽﾃﾑ技,,,,
25RA016348,海外商用_RIC_シールドボックス,無ｱﾃﾞ 無線ｼｽﾃﾑ技･無線ｼｽﾃﾑ技,,,,
25RA0X6959,商模_N4001_45GSRU_1,無ｱﾃﾞ 無線ｼｽﾃﾑ技･無線ｼｽﾃﾑ技,,,,
25RA0Y3748,Office Standard SLng LSA OLV N,無ｱﾃﾞ 無線ｼｽﾃﾑ技･無線ｼｽﾃﾑ技,,,,
25RA0Y3758,Office Standard SLng LSA OLV N,無ｱﾃﾞ 無線ｼｽﾃﾑ技･無線ｼｽﾃﾑ技,,,,
25RA1E1235,4GvRAN(2.6版)向けEPC-iSIMライ,無ｱﾃﾞ 無線ｼｽﾃﾑ技･無線ｼｽﾃﾑ技,,,,
25RA1E5205,SSCUPoC用配線(N101-WN501/EN401,無ｱﾃﾞ 無線ｼｽﾃﾑ技･無線ｼｽﾃﾑ技,,,,
25RA1J9181,DuoSIMχ号機 DBA #1,無ｱﾃﾞ 無線ｼｽﾃﾑ技･無線ｼｽﾃﾑ技,,,,
25RA1L5919,海外商用_対向系_アンテナカプラ,無ｱﾃﾞ 無線ｼｽﾃﾑ技･無線ｼｽﾃﾑ技,,,,
25RA1L5929,海外商用_対向系_アンテナカプラ,無ｱﾃﾞ 無線ｼｽﾃﾑ技･無線ｼｽﾃﾑ技,,,,
25RA1S3424,GT系_自動化_D-ATT_2026#7,無ｱﾃﾞ 無線ｼｽﾃﾑ技･無線ｼｽﾃﾑ技,,,,
25RA1U2492,UE-SIM_HW(VIAVI,E500-AS2)-06,無ｱﾃﾞ 無線ｼｽﾃﾑ技･無線ｼｽﾃﾑ技,,,,
25RA1W2760,海外商用_電波吸収壁_202601_#5,無ｱﾃﾞ 無線ｼｽﾃﾑ技･無線ｼｽﾃﾑ技,,,,
25RA1X4209,ＧａｌａｘｙＳ２５ＵｌｔｒａＳ,無ｱﾃﾞ 無線ｼｽﾃﾑ技･無線ｼｽﾃﾑ技,,,,
25RA1X4219,ＧａｌａｘｙＳ２５ＵｌｔｒａＳ,無ｱﾃﾞ 無線ｼｽﾃﾑ技･無線ｼｽﾃﾑ技,,,,
25RA1X4229,ＡＱＵＯＳ　ｓｅｎｓｅ１０　Ｓ,無ｱﾃﾞ 無線ｼｽﾃﾑ技･無線ｼｽﾃﾑ技,,,,
25RA1X4239,ＡＱＵＯＳ　Ｒ１０　ＳＨ－５１,無ｱﾃﾞ 無線ｼｽﾃﾑ技･無線ｼｽﾃﾑ技,,,,
25RA1X4249,ＡＱＵＯＳ　Ｒ１０　ＳＨ－５１,無ｱﾃﾞ 無線ｼｽﾃﾑ技･無線ｼｽﾃﾑ技,,,,
25RA1X4259,ＡＱＵＯＳ　Ｒ１０　ＳＨ－５１,無ｱﾃﾞ 無線ｼｽﾃﾑ技･無線ｼｽﾃﾑ技,,,,
25RA1X4269,ＡＱＵＯＳ　Ｒ１０　ＳＨ－５１,無ｱﾃﾞ 無線ｼｽﾃﾑ技･無線ｼｽﾃﾑ技,,,,
25RA1X4279,ＡＱＵＯＳ　Ｒ１０　ＳＨ－５１,無ｱﾃﾞ 無線ｼｽﾃﾑ技･無線ｼｽﾃﾑ技,,,,
25RA1Y3128,2025_CP試験用_Endevor_PC,無ｱﾃﾞ 無線ｼｽﾃﾑ技･無線ｼｽﾃﾑ技,,,,
25RA221647,L1L2系_IMS-GW Server_202603#2,無ｱﾃﾞ 無線ｼｽﾃﾑ技･無線ｼｽﾃﾑ技,,,,
25RA233386,海外商用 1FMMU 架台#4,無ｱﾃﾞ 無線ｼｽﾃﾑ技･無線ｼｽﾃﾑ技,,,,
25RA236276,N301AC電源工事_L1L2_202603_6系,無ｱﾃﾞ 無線ｼｽﾃﾑ技･無線ｼｽﾃﾑ技,,,,
25RA237346,海外商用_安定化電源2603#6,無ｱﾃﾞ 無線ｼｽﾃﾑ技･無線ｼｽﾃﾑ技,,,,
25RA2G1073,海外商用系用_Cisco N540_2509#9,無ｱﾃﾞ 無線ｼｽﾃﾑ技･無線ｼｽﾃﾑ技,,,,
25RA2G1083,海外商用系用_Cisco N540_2509#1,無ｱﾃﾞ 無線ｼｽﾃﾑ技･無線ｼｽﾃﾑ技,,,,
25RA2G1093,海外商用系用_Cisco N540_2509#2,無ｱﾃﾞ 無線ｼｽﾃﾑ技･無線ｼｽﾃﾑ技,,,,
25RA2G1103,海外商用系用_Cisco N540_2509#3,無ｱﾃﾞ 無線ｼｽﾃﾑ技･無線ｼｽﾃﾑ技,,,,
25SA0C7578,対向系37G_SS-RRU_202508,無ｱﾃﾞ 無線ｼｽﾃﾑ技･無線ｼｽﾃﾑ技,,,,
25SA0S7925,海外商用_FRRU2508#1,無ｱﾃﾞ 無線ｼｽﾃﾑ技･無線ｼｽﾃﾑ技,,,,
25SA0T5584,海外商用_EC302_RIC光配線工事,無ｱﾃﾞ 無線ｼｽﾃﾑ技･無線ｼｽﾃﾑ技,,,,
25SA0Y3749,Office Standard SLng LSA OLV N,無ｱﾃﾞ 無線ｼｽﾃﾑ技･無線ｼｽﾃﾑ技,,,,
25SA0Y3759,Office Standard SLng LSA OLV N,無ｱﾃﾞ 無線ｼｽﾃﾑ技･無線ｼｽﾃﾑ技,,,,
25SA0Y4919,L1L2_100Gスイッチ,無ｱﾃﾞ 無線ｼｽﾃﾑ技･無線ｼｽﾃﾑ技,,,,
25SA133097,グローバルＬＴＥ基地局装置に関,無ｱﾃﾞ 無線ｼｽﾃﾑ技･無線ｼｽﾃﾑ技,,,,
25SA173743,トラヒック解析ツール作成委託＿,無ｱﾃﾞ 無線ｼｽﾃﾑ技･無線ｼｽﾃﾑ技,,,,
25SA1B3739,EricssonLTE装置事前検証サポー,無ｱﾃﾞ 無線ｼｽﾃﾑ技･無線ｼｽﾃﾑ技,,,,
25SA1E1236,4GvRAN(2.6版)向けEPC-iSIMライ,無ｱﾃﾞ 無線ｼｽﾃﾑ技･無線ｼｽﾃﾑ技,,,,
25SA1J9182,DuoSIMχ号機 DBA #2,無ｱﾃﾞ 無線ｼｽﾃﾑ技･無線ｼｽﾃﾑ技,,,,
25SA1S3425,GT系_自動化_D-ATT_2026#8,無ｱﾃﾞ 無線ｼｽﾃﾑ技･無線ｼｽﾃﾑ技,,,,
25SA1U2493,UE-SIM_HW(VIAVI,E500-AS2)-08,無ｱﾃﾞ 無線ｼｽﾃﾑ技･無線ｼｽﾃﾑ技,,,,
25SA1W2761,対向系_電波吸収壁_202601_#1,無ｱﾃﾞ 無線ｼｽﾃﾑ技･無線ｼｽﾃﾑ技,,,,
25SA221648,L1L2系_CN-SIM_SW_VoNR_01,無ｱﾃﾞ 無線ｼｽﾃﾑ技･無線ｼｽﾃﾑ技,,,,
25SA237347,海外商用_安定化電源2603#7,無ｱﾃﾞ 無線ｼｽﾃﾑ技･無線ｼｽﾃﾑ技,,,,
25SA2F2735,OS/OM シリーズ ブレークアウト,無ｱﾃﾞ 無線ｼｽﾃﾑ技･無線ｼｽﾃﾑ技,,,,
25SA2G1074,海外商用系用_Cisco N540_2509#1,無ｱﾃﾞ 無線ｼｽﾃﾑ技･無線ｼｽﾃﾑ技,,,,
25SA2G1084,海外商用系用_Cisco N540_2509#2,無ｱﾃﾞ 無線ｼｽﾃﾑ技･無線ｼｽﾃﾑ技,,,,
25SA2G1094,海外商用系用_Cisco N540_2509#3,無ｱﾃﾞ 無線ｼｽﾃﾑ技･無線ｼｽﾃﾑ技,,,,
25TA045867,安定化電源_海外商用_RIC_2025#1,無ｱﾃﾞ 無線ｼｽﾃﾑ技･無線ｼｽﾃﾑ技,,,,
25TA0C7579,対向系45G_SS-RRU_202508,無ｱﾃﾞ 無線ｼｽﾃﾑ技･無線ｼｽﾃﾑ技,,,,
25TA1E1237,4GvRAN(2.6版)向けEPC-iSIMライ,無ｱﾃﾞ 無線ｼｽﾃﾑ技･無線ｼｽﾃﾑ技,,,,
25TA1E3587,商用模擬試験用DKKRU#1,無ｱﾃﾞ 無線ｼｽﾃﾑ技･無線ｼｽﾃﾑ技,,,,
25TA1U2494,UE-SIM_SW(VIAVI,E500-AS2)-06,無ｱﾃﾞ 無線ｼｽﾃﾑ技･無線ｼｽﾃﾑ技,,,,
25TA1U9824,仮想化_ファイルサーバPurestora,無ｱﾃﾞ 無線ｼｽﾃﾑ技･無線ｼｽﾃﾑ技,,,,
25TA1W2762,対向系_電波吸収壁_202601_#2,無ｱﾃﾞ 無線ｼｽﾃﾑ技･無線ｼｽﾃﾑ技,,,,
25TA221649,L1L2系_CN-SIM_SW_VoNR_06,無ｱﾃﾞ 無線ｼｽﾃﾑ技･無線ｼｽﾃﾑ技,,,,
25TA234428,25年度_FR_端末一式,無ｱﾃﾞ 無線ｼｽﾃﾑ技･無線ｼｽﾃﾑ技,,,,
25TA237348,海外商用_安定化電源2603#8,無ｱﾃﾞ 無線ｼｽﾃﾑ技･無線ｼｽﾃﾑ技,,,,
25TA2G1065,海外商用系用_Cisco N540_2509#1,無ｱﾃﾞ 無線ｼｽﾃﾑ技･無線ｼｽﾃﾑ技,,,,
25TA2G1075,海外商用系用_Cisco N540_2509#1,無ｱﾃﾞ 無線ｼｽﾃﾑ技･無線ｼｽﾃﾑ技,,,,
25TA2G1085,海外商用系用_Cisco N540_2509#2,無ｱﾃﾞ 無線ｼｽﾃﾑ技･無線ｼｽﾃﾑ技,,,,
25TA2G1095,海外商用系用_Cisco N540_2509#3,無ｱﾃﾞ 無線ｼｽﾃﾑ技･無線ｼｽﾃﾑ技,,,,
25UA045868,安定化電源_海外商用_RIC_2025#2,無ｱﾃﾞ 無線ｼｽﾃﾑ技･無線ｼｽﾃﾑ技,,,,
25UA083704,ＣＰ系_スイッチ_Cisco,無ｱﾃﾞ 無線ｼｽﾃﾑ技･無線ｼｽﾃﾑ技,,,,
25UA099663,海外商用系LAN工事_20205_07,無ｱﾃﾞ 無線ｼｽﾃﾑ技･無線ｼｽﾃﾑ技,,,,
25UA0J3514,IMSIキャッチャー動向調査報告書,無ｱﾃﾞ 無線ｼｽﾃﾑ技･無線ｼｽﾃﾑ技,,,,
25UA1E3588,商用模擬試験用DKKRU#2,無ｱﾃﾞ 無線ｼｽﾃﾑ技･無線ｼｽﾃﾑ技,,,,
25UA1U2495,UE-SIM_SW(VIAVI,E500-AS2)-08,無ｱﾃﾞ 無線ｼｽﾃﾑ技･無線ｼｽﾃﾑ技,,,,
25UA1U4015,光スプリッタ(SMP1)_L1L2_202603,無ｱﾃﾞ 無線ｼｽﾃﾑ技･無線ｼｽﾃﾑ技,,,,
25UA1W2763,対向系_電波吸収壁_202601_#3,無ｱﾃﾞ 無線ｼｽﾃﾑ技･無線ｼｽﾃﾑ技,,,,
25UA237349,海外商用_安定化電源2603#9,無ｱﾃﾞ 無線ｼｽﾃﾑ技･無線ｼｽﾃﾑ技,,,,
25UA274695,FR系VATT2604#1,無ｱﾃﾞ 無線ｼｽﾃﾑ技･無線ｼｽﾃﾑ技,,,,
25UA2G1066,海外商用系用_Cisco N540_2509#2,無ｱﾃﾞ 無線ｼｽﾃﾑ技･無線ｼｽﾃﾑ技,,,,
25UA2G1076,海外商用系用_Cisco N540_2509#1,無ｱﾃﾞ 無線ｼｽﾃﾑ技･無線ｼｽﾃﾑ技,,,,
25UA2G1086,海外商用系用_Cisco N540_2509#2,無ｱﾃﾞ 無線ｼｽﾃﾑ技･無線ｼｽﾃﾑ技,,,,
25UA2G1096,海外商用系用_Cisco N540_2509#3,無ｱﾃﾞ 無線ｼｽﾃﾑ技･無線ｼｽﾃﾑ技,,,,
25VA045869,安定化電源_海外商用_RIC_2025#3,無ｱﾃﾞ 無線ｼｽﾃﾑ技･無線ｼｽﾃﾑ技,,,,
25VA099664,YRP1号館N101配線工事,無ｱﾃﾞ 無線ｼｽﾃﾑ技･無線ｼｽﾃﾑ技,,,,
25VA1E3589,商用模擬試験用DKKRU#3,無ｱﾃﾞ 無線ｼｽﾃﾑ技･無線ｼｽﾃﾑ技,,,,
25VA1S3418,GT系_自動化_D-ATT_2026#1,無ｱﾃﾞ 無線ｼｽﾃﾑ技･無線ｼｽﾃﾑ技,,,,
25VA1U4016,QXCM/QCATライセンス_202601＃1,無ｱﾃﾞ 無線ｼｽﾃﾑ技･無線ｼｽﾃﾑ技,,,,
25VA1W2764,対向系_電波吸収壁_202601_#4,無ｱﾃﾞ 無線ｼｽﾃﾑ技･無線ｼｽﾃﾑ技,,,,
25VA274696,FR系VATT2604#2,無ｱﾃﾞ 無線ｼｽﾃﾑ技･無線ｼｽﾃﾑ技,,,,
25VA2F6768,対向系_NEC_CCｰC_2603,無ｱﾃﾞ 無線ｼｽﾃﾑ技･無線ｼｽﾃﾑ技,,,,
25VA2G1067,海外商用系用_Cisco N540_2509#3,無ｱﾃﾞ 無線ｼｽﾃﾑ技･無線ｼｽﾃﾑ技,,,,
25VA2G1077,海外商用系用_Cisco N540_2509#1,無ｱﾃﾞ 無線ｼｽﾃﾑ技･無線ｼｽﾃﾑ技,,,,
25VA2G1087,海外商用系用_Cisco N540_2509#2,無ｱﾃﾞ 無線ｼｽﾃﾑ技･無線ｼｽﾃﾑ技,,,,
25VA2G1097,海外商用系用_Cisco N540_2509#3,無ｱﾃﾞ 無線ｼｽﾃﾑ技･無線ｼｽﾃﾑ技,,,,
25WA1S3419,GT系_自動化_D-ATT_2026#2,無ｱﾃﾞ 無線ｼｽﾃﾑ技･無線ｼｽﾃﾑ技,,,,
25WA1U4017,QXCM/QCATライセンス_202601＃2,無ｱﾃﾞ 無線ｼｽﾃﾑ技･無線ｼｽﾃﾑ技,,,,
25WA1W2765,対向系_電波吸収壁_202601_#5,無ｱﾃﾞ 無線ｼｽﾃﾑ技･無線ｼｽﾃﾑ技,,,,
25WA1W6775,VIAVI社製UE-SIM用1500UEソフト(,無ｱﾃﾞ 無線ｼｽﾃﾑ技･無線ｼｽﾃﾑ技,,,,
25WA271807,4GvRAN(3.0)IPNF_eNB support 10,無ｱﾃﾞ 無線ｼｽﾃﾑ技･無線ｼｽﾃﾑ技,,,,
25WA2F6769,対向系_NEC_PHY-HLｰC_2603,無ｱﾃﾞ 無線ｼｽﾃﾑ技･無線ｼｽﾃﾑ技,,,,
25WA2G1068,海外商用系用_Cisco N540_2509#4,無ｱﾃﾞ 無線ｼｽﾃﾑ技･無線ｼｽﾃﾑ技,,,,
25WA2G1078,海外商用系用_Cisco N540_2509#1,無ｱﾃﾞ 無線ｼｽﾃﾑ技･無線ｼｽﾃﾑ技,,,,
25WA2G1088,海外商用系用_Cisco N540_2509#2,無ｱﾃﾞ 無線ｼｽﾃﾑ技･無線ｼｽﾃﾑ技,,,,
25WA2G1098,海外商用系用_Cisco N540_2509#3,無ｱﾃﾞ 無線ｼｽﾃﾑ技･無線ｼｽﾃﾑ技,,,,
25XA164699,20250926_IMSIキャッチャー,無ｱﾃﾞ 無線ｼｽﾃﾑ技･無線ｼｽﾃﾑ技,,,,
25XA1U9828,DuoSIM-5G VoNR対応SW(Mobility,無ｱﾃﾞ 無線ｼｽﾃﾑ技･無線ｼｽﾃﾑ技,,,,
25XA1W2756,海外商用_電波吸収壁_202601_#1,無ｱﾃﾞ 無線ｼｽﾃﾑ技･無線ｼｽﾃﾑ技,,,,
25XA1W2766,対向系_電波吸収壁_202601_#6,無ｱﾃﾞ 無線ｼｽﾃﾑ技･無線ｼｽﾃﾑ技,,,,
25XA1W6776,VIAVI社製UE-SIM用1500UEソフト(,無ｱﾃﾞ 無線ｼｽﾃﾑ技･無線ｼｽﾃﾑ技,,,,
25XA271808,4GvRAN(3.0)IPNF_IPv4/IPv6 Dual,無ｱﾃﾞ 無線ｼｽﾃﾑ技･無線ｼｽﾃﾑ技,,,,
25XA297776,DuoSIM-5G eCPRI LTE対応SW (α,無ｱﾃﾞ 無線ｼｽﾃﾑ技･無線ｼｽﾃﾑ技,,,,
25XA2G1069,海外商用系用_Cisco N540_2509#5,無ｱﾃﾞ 無線ｼｽﾃﾑ技･無線ｼｽﾃﾑ技,,,,
25XA2G1079,海外商用系用_Cisco N540_2509#1,無ｱﾃﾞ 無線ｼｽﾃﾑ技･無線ｼｽﾃﾑ技,,,,
25XA2G1089,海外商用系用_Cisco N540_2509#2,無ｱﾃﾞ 無線ｼｽﾃﾑ技･無線ｼｽﾃﾑ技,,,,
25XA2G1099,海外商用系用_Cisco N540_2509#3,無ｱﾃﾞ 無線ｼｽﾃﾑ技･無線ｼｽﾃﾑ技,,,,
25YA1W2757,海外商用_電波吸収壁_202601_#2,無ｱﾃﾞ 無線ｼｽﾃﾑ技･無線ｼｽﾃﾑ技,,,,
25YA1W2767,対向系_電波吸収壁_202601_#7,無ｱﾃﾞ 無線ｼｽﾃﾑ技･無線ｼｽﾃﾑ技,,,,
25YA271809,4GvRAN(3.0)IPNF_IPv4/IPv6 Dual,無ｱﾃﾞ 無線ｼｽﾃﾑ技･無線ｼｽﾃﾑ技,,,,
25ZA099898,N301_ラック取付工事,無ｱﾃﾞ 無線ｼｽﾃﾑ技･無線ｼｽﾃﾑ技,,,,
25ZA0W7608,202509_海外商用_QXDM/QCATライ,無ｱﾃﾞ 無線ｼｽﾃﾑ技･無線ｼｽﾃﾑ技,,,,
25ZA1W2758,海外商用_電波吸収壁_202601_#3,無ｱﾃﾞ 無線ｼｽﾃﾑ技･無線ｼｽﾃﾑ技,,,,
25ZA1W2768,対向系_電波吸収壁_202601_#8,無ｱﾃﾞ 無線ｼｽﾃﾑ技･無線ｼｽﾃﾑ技,,,,
26PA002927,パケットキャプチャ装置（nG-iCA,無ｱﾃﾞ 無線ｼｽﾃﾑ技･無線ｼｽﾃﾑ技,,,,
26SA002739,パケットキャプチャ装置（nG-iCA,無ｱﾃﾞ 無線ｼｽﾃﾑ技･無線ｼｽﾃﾑ技,,,,
09T10C9325,電源増設工事(N301),無ｱﾃﾞ 無線ｼｽﾃﾑ技･無線ｼｽﾃﾑ技,,,-,
21NA0S5436,iPhone13 256GB<ブルー>,無ｱﾃﾞ 無線ｼｽﾃﾑ技･無線ｼｽﾃﾑ技,ドコモ管理,,フロア階,社員居室_利用者管理
24ZA297979,GalaxyS24_業電,無ｱﾃﾞ 無線ｼｽﾃﾑ技･無線ｼｽﾃﾑ技,ドコモ管理,,利用者持出,業務連絡用
20JA161472,HWY解析用MacBookPro2,無ｱﾃﾞ 無線ｼｽﾃﾑ技･無線ｼｽﾃﾑ技,ドコモ管理,,山王24F,事業企画回収済み
22SA0S9538,Ｇａｌａｘｙ　Ｓ２２　Ｕｌｔｒ,無ｱﾃﾞ 無線ｼｽﾃﾑ技･無線ｼｽﾃﾑ技,ドコモ管理,,山王24F廊下側無シ技書庫保管,山王24F廊下側無シ技書庫保管
09110G4809,IMT2000無線基地局装置ｿﾌﾄｳｪｱ04B,無ｱﾃﾞ 無線ｼｽﾃﾑ技･無線ｼｽﾃﾑ技,ドコモ管理,,山王PT 24階,書庫(高)
09210J3448,IMT2000高密度ﾏﾙﾁﾊﾞﾝﾄﾞBTSｿﾌﾄｳｪｱ,無ｱﾃﾞ 無線ｼｽﾃﾑ技･無線ｼｽﾃﾑ技,ドコモ管理,,山王PT 24階,書庫(高)
09M1003772,ＩＭＴ２千ＢＴＳメンテナンスツ,無ｱﾃﾞ 無線ｼｽﾃﾑ技･無線ｼｽﾃﾑ技,ドコモ管理,,山王PT 24階,書庫(高)
09M10A9202,IMT2000無線基地局装置類ﾌﾟﾛｸﾞﾗﾑ,無ｱﾃﾞ 無線ｼｽﾃﾑ技･無線ｼｽﾃﾑ技,ドコモ管理,,山王PT 24階,書庫(高)
09M10B2261,IMT-2000無線基地局装置ﾌﾟﾛｸﾞﾗﾑ0,無ｱﾃﾞ 無線ｼｽﾃﾑ技･無線ｼｽﾃﾑ技,ドコモ管理,,山王PT 24階,書庫(高)
09N1003773,ＩＭＴ２０００無線基地局装置Ａ,無ｱﾃﾞ 無線ｼｽﾃﾑ技･無線ｼｽﾃﾑ技,ドコモ管理,,山王PT 24階,書庫(高)
09P1003774,ＩＭＴ２０００無線基地局装置ソ,無ｱﾃﾞ 無線ｼｽﾃﾑ技･無線ｼｽﾃﾑ技,ドコモ管理,,山王PT 24階,書庫(高)
09P10B1443,ＢＴＳ０２Ａ　ＡＰ,無ｱﾃﾞ 無線ｼｽﾃﾑ技･無線ｼｽﾃﾑ技,ドコモ管理,,山王PT 24階,書庫(高)
09R10D2352,IMT-2000無線基地局装置ﾌﾟﾛｸﾞﾗﾑ0,無ｱﾃﾞ 無線ｼｽﾃﾑ技･無線ｼｽﾃﾑ技,ドコモ管理,,山王PT 24階,書庫(高)
09R10P6622,準正常AP（BTS06A）,無ｱﾃﾞ 無線ｼｽﾃﾑ技･無線ｼｽﾃﾑ技,ドコモ管理,,山王PT 24階,書庫(高)
09S10G4810,IMT-2000無線基地局装置ｿﾌﾄｳｪｱ05,無ｱﾃﾞ 無線ｼｽﾃﾑ技･無線ｼｽﾃﾑ技,ドコモ管理,,山王PT 24階,書庫(高)
09T1003787,ＡＰＩ試験ツール,無ｱﾃﾞ 無線ｼｽﾃﾑ技･無線ｼｽﾃﾑ技,ドコモ管理,,山王PT 24階,書庫(高)
09T10E3863,ＡＰＩ試験ツール０３上,無ｱﾃﾞ 無線ｼｽﾃﾑ技･無線ｼｽﾃﾑ技,ドコモ管理,,山王PT 24階,書庫(高)
09U10B4227,API試験ツール,無ｱﾃﾞ 無線ｼｽﾃﾑ技･無線ｼｽﾃﾑ技,ドコモ管理,,山王PT 24階,書庫(高)
09U10P0005,準正常AP（BTS05B）,無ｱﾃﾞ 無線ｼｽﾃﾑ技･無線ｼｽﾃﾑ技,ドコモ管理,,山王PT 24階,書庫(高)
09V10H7802,準正常AP（04B HS以外),無ｱﾃﾞ 無線ｼｽﾃﾑ技･無線ｼｽﾃﾑ技,ドコモ管理,,山王PT 24階,書庫(高)
09V10J6251,SV試験ツール（05A）,無ｱﾃﾞ 無線ｼｽﾃﾑ技･無線ｼｽﾃﾑ技,ドコモ管理,,山王PT 24階,書庫(高)
09W10B4159,０２Ｂ対応ＯＰＥ－ＳＩＭソフト,無ｱﾃﾞ 無線ｼｽﾃﾑ技･無線ｼｽﾃﾑ技,ドコモ管理,,山王PT 24階,書庫(高)
09W10E3866,０３Ｂ対応ＯＰＥ－ＳＩＭソフト,無ｱﾃﾞ 無線ｼｽﾃﾑ技･無線ｼｽﾃﾑ技,ドコモ管理,,山王PT 24階,書庫(高)
09W10H7803,API試験ツール04下（05A）,無ｱﾃﾞ 無線ｼｽﾃﾑ技･無線ｼｽﾃﾑ技,ドコモ管理,,山王PT 24階,書庫(高)
09W10N5578,API試験ツール（IP-BTS 06A）,無ｱﾃﾞ 無線ｼｽﾃﾑ技･無線ｼｽﾃﾑ技,ドコモ管理,,山王PT 24階,書庫(高)
09W10N6158,API試験ツール（BTS 05B）,無ｱﾃﾞ 無線ｼｽﾃﾑ技･無線ｼｽﾃﾑ技,ドコモ管理,,山王PT 24階,書庫(高)
09W10N9478,IMT2000 IP無線基地局装置ｿﾌﾄｳｪｱ,無ｱﾃﾞ 無線ｼｽﾃﾑ技･無線ｼｽﾃﾑ技,ドコモ管理,,山王PT 24階,書庫(高)
09X10G6155,API試験ツール04上（04BHS以外）,無ｱﾃﾞ 無線ｼｽﾃﾑ技･無線ｼｽﾃﾑ技,ドコモ管理,,山王PT 24階,書庫(高)
09X10H7144,SV単体試験ツール＜04B HS以外＞,無ｱﾃﾞ 無線ｼｽﾃﾑ技･無線ｼｽﾃﾑ技,ドコモ管理,,山王PT 24階,書庫(高)
09X10J4533,API試験ツール06上,無ｱﾃﾞ 無線ｼｽﾃﾑ技･無線ｼｽﾃﾑ技,ドコモ管理,,山王PT 24階,書庫(高)
09Y10E0868,ＳＶ単体試験ツール＜０３Ｂ＞,無ｱﾃﾞ 無線ｼｽﾃﾑ技･無線ｼｽﾃﾑ技,ドコモ管理,,山王PT 24階,書庫(高)
09Y10E3488,ＡＰＩ試験ツール０３下,無ｱﾃﾞ 無線ｼｽﾃﾑ技･無線ｼｽﾃﾑ技,ドコモ管理,,山王PT 24階,書庫(高)
09Y10G5756,IMT2000無線基地局装置ﾌﾟﾛｸﾞﾗﾑ03,無ｱﾃﾞ 無線ｼｽﾃﾑ技･無線ｼｽﾃﾑ技,ドコモ管理,,山王PT 24階,書庫(高)
09Y10T8386,準正常ＡＰ（ＩＰ－ＢＴＳ　０６,無ｱﾃﾞ 無線ｼｽﾃﾑ技･無線ｼｽﾃﾑ技,ドコモ管理,,山王PT 24階,書庫(高)
09Z10G5637,準正常AP04A,無ｱﾃﾞ 無線ｼｽﾃﾑ技･無線ｼｽﾃﾑ技,ドコモ管理,,山王PT 24階,書庫(高)
09Z10H0886,IMT2000無線基地局装置ﾌﾟﾛｸﾞﾗﾑ05,無ｱﾃﾞ 無線ｼｽﾃﾑ技･無線ｼｽﾃﾑ技,ドコモ管理,,山王PT 24階,書庫(高)
09Z10J6075,準正常AP（05A）,無ｱﾃﾞ 無線ｼｽﾃﾑ技･無線ｼｽﾃﾑ技,ドコモ管理,,山王PT 24階,書庫(高)
09Z10T8387,準正常AP（HD-BTS 06A）,無ｱﾃﾞ 無線ｼｽﾃﾑ技･無線ｼｽﾃﾑ技,ドコモ管理,,山王PT 24階,書庫(高)
09Z10U2686,IMT2000無線基地局装置ｿﾌﾄｳｪｱ06,無ｱﾃﾞ 無線ｼｽﾃﾑ技･無線ｼｽﾃﾑ技,ドコモ管理,,山王PT 24階,書庫(高)
10AA9A4220,無ネ05-5002,無ｱﾃﾞ 無線ｼｽﾃﾑ技･無線ｼｽﾃﾑ技,ドコモ管理,,山王PT 24階,書庫(高)
10AA9A4270,無ネ05-5052,無ｱﾃﾞ 無線ｼｽﾃﾑ技･無線ｼｽﾃﾑ技,ドコモ管理,,山王PT 24階,書庫(高)
10AA9A4280,無ネ05-5062,無ｱﾃﾞ 無線ｼｽﾃﾑ技･無線ｼｽﾃﾑ技,ドコモ管理,,山王PT 24階,書庫(高)
10AA9A4320,無ネ05-6007,無ｱﾃﾞ 無線ｼｽﾃﾑ技･無線ｼｽﾃﾑ技,ドコモ管理,,山王PT 24階,書庫(高)
10AA9A4340,無ネ05-6027,無ｱﾃﾞ 無線ｼｽﾃﾑ技･無線ｼｽﾃﾑ技,ドコモ管理,,山王PT 24階,書庫(高)
10AA9A4360,無ネ05-6047,無ｱﾃﾞ 無線ｼｽﾃﾑ技･無線ｼｽﾃﾑ技,ドコモ管理,,山王PT 24階,書庫(高)
10BA9A4221,無ネ05-5003,無ｱﾃﾞ 無線ｼｽﾃﾑ技･無線ｼｽﾃﾑ技,ドコモ管理,,山王PT 24階,書庫(高)
10BA9A4261,無ネ05-5043,無ｱﾃﾞ 無線ｼｽﾃﾑ技･無線ｼｽﾃﾑ技,ドコモ管理,,山王PT 24階,書庫(高)
10BA9A4271,無ネ05-5053,無ｱﾃﾞ 無線ｼｽﾃﾑ技･無線ｼｽﾃﾑ技,ドコモ管理,,山王PT 24階,書庫(高)
10BA9A4281,無ネ05-5063,無ｱﾃﾞ 無線ｼｽﾃﾑ技･無線ｼｽﾃﾑ技,ドコモ管理,,山王PT 24階,書庫(高)
10BA9A4321,無ネ05-6008,無ｱﾃﾞ 無線ｼｽﾃﾑ技･無線ｼｽﾃﾑ技,ドコモ管理,,山王PT 24階,書庫(高)
10BA9A4331,無ネ05-6018,無ｱﾃﾞ 無線ｼｽﾃﾑ技･無線ｼｽﾃﾑ技,ドコモ管理,,山王PT 24階,書庫(高)
10BA9A4341,無ネ05-6028,無ｱﾃﾞ 無線ｼｽﾃﾑ技･無線ｼｽﾃﾑ技,ドコモ管理,,山王PT 24階,書庫(高)
10BA9A4351,無ネ05-6038,無ｱﾃﾞ 無線ｼｽﾃﾑ技･無線ｼｽﾃﾑ技,ドコモ管理,,山王PT 24階,書庫(高)
10BA9A4361,無ネ05-6048,無ｱﾃﾞ 無線ｼｽﾃﾑ技･無線ｼｽﾃﾑ技,ドコモ管理,,山王PT 24階,書庫(高)
10BA9A4431,無ネ05-6131,無ｱﾃﾞ 無線ｼｽﾃﾑ技･無線ｼｽﾃﾑ技,ドコモ管理,,山王PT 24階,書庫(高)
10CA9A4222,無ネ05-5004,無ｱﾃﾞ 無線ｼｽﾃﾑ技･無線ｼｽﾃﾑ技,ドコモ管理,,山王PT 24階,書庫(高)
10CA9A4252,無ネ05-5034,無ｱﾃﾞ 無線ｼｽﾃﾑ技･無線ｼｽﾃﾑ技,ドコモ管理,,山王PT 24階,書庫(高)
10CA9A4272,無ネ05-5054,無ｱﾃﾞ 無線ｼｽﾃﾑ技･無線ｼｽﾃﾑ技,ドコモ管理,,山王PT 24階,書庫(高)
10CA9A4282,無ネ05-5064,無ｱﾃﾞ 無線ｼｽﾃﾑ技･無線ｼｽﾃﾑ技,ドコモ管理,,山王PT 24階,書庫(高)
10CA9A4312,無ネ05-5094,無ｱﾃﾞ 無線ｼｽﾃﾑ技･無線ｼｽﾃﾑ技,ドコモ管理,,山王PT 24階,書庫(高)
10CA9A4332,無ネ05-6019,無ｱﾃﾞ 無線ｼｽﾃﾑ技･無線ｼｽﾃﾑ技,ドコモ管理,,山王PT 24階,書庫(高)
10CA9A4362,無ネ05-6049,無ｱﾃﾞ 無線ｼｽﾃﾑ技･無線ｼｽﾃﾑ技,ドコモ管理,,山王PT 24階,書庫(高)
10CA9A4432,無ネ05-6132,無ｱﾃﾞ 無線ｼｽﾃﾑ技･無線ｼｽﾃﾑ技,ドコモ管理,,山王PT 24階,書庫(高)
10DA9A4263,無ネ05-5045,無ｱﾃﾞ 無線ｼｽﾃﾑ技･無線ｼｽﾃﾑ技,ドコモ管理,,山王PT 24階,書庫(高)
10DA9A4273,無ネ05-5055,無ｱﾃﾞ 無線ｼｽﾃﾑ技･無線ｼｽﾃﾑ技,ドコモ管理,,山王PT 24階,書庫(高)
10DA9A4283,無ネ05-5065,無ｱﾃﾞ 無線ｼｽﾃﾑ技･無線ｼｽﾃﾑ技,ドコモ管理,,山王PT 24階,書庫(高)
10DA9A4313,無ネ05-5095,無ｱﾃﾞ 無線ｼｽﾃﾑ技･無線ｼｽﾃﾑ技,ドコモ管理,,山王PT 24階,書庫(高)
10DA9A4323,無ネ05-6010,無ｱﾃﾞ 無線ｼｽﾃﾑ技･無線ｼｽﾃﾑ技,ドコモ管理,,山王PT 24階,書庫(高)
10DA9A4333,無ネ05-6020,無ｱﾃﾞ 無線ｼｽﾃﾑ技･無線ｼｽﾃﾑ技,ドコモ管理,,山王PT 24階,書庫(高)
10DA9A4343,無ネ05-6030,無ｱﾃﾞ 無線ｼｽﾃﾑ技･無線ｼｽﾃﾑ技,ドコモ管理,,山王PT 24階,書庫(高)
10DA9A4363,無ネ05-6050,無ｱﾃﾞ 無線ｼｽﾃﾑ技･無線ｼｽﾃﾑ技,ドコモ管理,,山王PT 24階,書庫(高)
10DA9A4433,無ネ05-6133,無ｱﾃﾞ 無線ｼｽﾃﾑ技･無線ｼｽﾃﾑ技,ドコモ管理,,山王PT 24階,書庫(高)
10DA9A4493,無ネ05-6250,無ｱﾃﾞ 無線ｼｽﾃﾑ技･無線ｼｽﾃﾑ技,ドコモ管理,,山王PT 24階,書庫(高)
10EA9A4254,無ネ05-5036,無ｱﾃﾞ 無線ｼｽﾃﾑ技･無線ｼｽﾃﾑ技,ドコモ管理,,山王PT 24階,書庫(高)
10EA9A4264,無ネ05-5046,無ｱﾃﾞ 無線ｼｽﾃﾑ技･無線ｼｽﾃﾑ技,ドコモ管理,,山王PT 24階,書庫(高)
10EA9A4274,無ネ05-5056,無ｱﾃﾞ 無線ｼｽﾃﾑ技･無線ｼｽﾃﾑ技,ドコモ管理,,山王PT 24階,書庫(高)
10EA9A4284,無ネ05-5066,無ｱﾃﾞ 無線ｼｽﾃﾑ技･無線ｼｽﾃﾑ技,ドコモ管理,,山王PT 24階,書庫(高)
10EA9A4324,無ネ05-6011,無ｱﾃﾞ 無線ｼｽﾃﾑ技･無線ｼｽﾃﾑ技,ドコモ管理,,山王PT 24階,書庫(高)
10EA9A4344,無ネ05-6031,無ｱﾃﾞ 無線ｼｽﾃﾑ技･無線ｼｽﾃﾑ技,ドコモ管理,,山王PT 24階,書庫(高)
10EA9A4364,無ネ05-6051,無ｱﾃﾞ 無線ｼｽﾃﾑ技･無線ｼｽﾃﾑ技,ドコモ管理,,山王PT 24階,書庫(高)
10EA9A4434,無ネ05-6134,無ｱﾃﾞ 無線ｼｽﾃﾑ技･無線ｼｽﾃﾑ技,ドコモ管理,,山王PT 24階,書庫(高)
10EA9A4494,無ネ05-6251,無ｱﾃﾞ 無線ｼｽﾃﾑ技･無線ｼｽﾃﾑ技,ドコモ管理,,山王PT 24階,書庫(高)
10FA9A4265,無ネ05-5047,無ｱﾃﾞ 無線ｼｽﾃﾑ技･無線ｼｽﾃﾑ技,ドコモ管理,,山王PT 24階,書庫(高)
10FA9A4275,無ネ05-5057,無ｱﾃﾞ 無線ｼｽﾃﾑ技･無線ｼｽﾃﾑ技,ドコモ管理,,山王PT 24階,書庫(高)
10FA9A4285,無ネ05-5067,無ｱﾃﾞ 無線ｼｽﾃﾑ技･無線ｼｽﾃﾑ技,ドコモ管理,,山王PT 24階,書庫(高)
10FA9A4315,無ネ05-6002,無ｱﾃﾞ 無線ｼｽﾃﾑ技･無線ｼｽﾃﾑ技,ドコモ管理,,山王PT 24階,書庫(高)
10FA9A4325,無ネ05-6012,無ｱﾃﾞ 無線ｼｽﾃﾑ技･無線ｼｽﾃﾑ技,ドコモ管理,,山王PT 24階,書庫(高)
10FA9A4335,無ネ05-6022,無ｱﾃﾞ 無線ｼｽﾃﾑ技･無線ｼｽﾃﾑ技,ドコモ管理,,山王PT 24階,書庫(高)
10FA9A4345,無ネ05-6032,無ｱﾃﾞ 無線ｼｽﾃﾑ技･無線ｼｽﾃﾑ技,ドコモ管理,,山王PT 24階,書庫(高)
10FA9A4355,無ネ05-6042,無ｱﾃﾞ 無線ｼｽﾃﾑ技･無線ｼｽﾃﾑ技,ドコモ管理,,山王PT 24階,書庫(高)
10FA9A4365,無ネ05-6052,無ｱﾃﾞ 無線ｼｽﾃﾑ技･無線ｼｽﾃﾑ技,ドコモ管理,,山王PT 24階,書庫(高)
10GA9A4266,無ネ05-5048,無ｱﾃﾞ 無線ｼｽﾃﾑ技･無線ｼｽﾃﾑ技,ドコモ管理,,山王PT 24階,書庫(高)
10GA9A4276,無ネ05-5058,無ｱﾃﾞ 無線ｼｽﾃﾑ技･無線ｼｽﾃﾑ技,ドコモ管理,,山王PT 24階,書庫(高)
10GA9A4286,無ネ05-5068,無ｱﾃﾞ 無線ｼｽﾃﾑ技･無線ｼｽﾃﾑ技,ドコモ管理,,山王PT 24階,書庫(高)
10GA9A4316,無ネ05-6003,無ｱﾃﾞ 無線ｼｽﾃﾑ技･無線ｼｽﾃﾑ技,ドコモ管理,,山王PT 24階,書庫(高)
10GA9A4336,無ネ05-6023,無ｱﾃﾞ 無線ｼｽﾃﾑ技･無線ｼｽﾃﾑ技,ドコモ管理,,山王PT 24階,書庫(高)
10GA9A4356,無ネ05-6043,無ｱﾃﾞ 無線ｼｽﾃﾑ技･無線ｼｽﾃﾑ技,ドコモ管理,,山王PT 24階,書庫(高)
10GA9A4366,無ネ05-6053,無ｱﾃﾞ 無線ｼｽﾃﾑ技･無線ｼｽﾃﾑ技,ドコモ管理,,山王PT 24階,書庫(高)
10GA9A4436,無ネ05-6136,無ｱﾃﾞ 無線ｼｽﾃﾑ技･無線ｼｽﾃﾑ技,ドコモ管理,,山王PT 24階,書庫(高)
10GA9A4496,無ネ05-6253,無ｱﾃﾞ 無線ｼｽﾃﾑ技･無線ｼｽﾃﾑ技,ドコモ管理,,山王PT 24階,書庫(高)
10HA9A4227,無ネ05-5009,無ｱﾃﾞ 無線ｼｽﾃﾑ技･無線ｼｽﾃﾑ技,ドコモ管理,,山王PT 24階,書庫(高)
10HA9A4257,無ネ05-5039,無ｱﾃﾞ 無線ｼｽﾃﾑ技･無線ｼｽﾃﾑ技,ドコモ管理,,山王PT 24階,書庫(高)
10HA9A4267,無ネ05-5049,無ｱﾃﾞ 無線ｼｽﾃﾑ技･無線ｼｽﾃﾑ技,ドコモ管理,,山王PT 24階,書庫(高)
10HA9A4277,無ネ05-5059,無ｱﾃﾞ 無線ｼｽﾃﾑ技･無線ｼｽﾃﾑ技,ドコモ管理,,山王PT 24階,書庫(高)
10HA9A4287,無ネ05-5069,無ｱﾃﾞ 無線ｼｽﾃﾑ技･無線ｼｽﾃﾑ技,ドコモ管理,,山王PT 24階,書庫(高)
10HA9A4317,無ネ05-6004,無ｱﾃﾞ 無線ｼｽﾃﾑ技･無線ｼｽﾃﾑ技,ドコモ管理,,山王PT 24階,書庫(高)
10HA9A4327,無ネ05-6014,無ｱﾃﾞ 無線ｼｽﾃﾑ技･無線ｼｽﾃﾑ技,ドコモ管理,,山王PT 24階,書庫(高)
10HA9A4337,無ネ05-6024,無ｱﾃﾞ 無線ｼｽﾃﾑ技･無線ｼｽﾃﾑ技,ドコモ管理,,山王PT 24階,書庫(高)
10HA9A4347,無ネ05-6034,無ｱﾃﾞ 無線ｼｽﾃﾑ技･無線ｼｽﾃﾑ技,ドコモ管理,,山王PT 24階,書庫(高)
10HA9A4357,無ネ05-6044,無ｱﾃﾞ 無線ｼｽﾃﾑ技･無線ｼｽﾃﾑ技,ドコモ管理,,山王PT 24階,書庫(高)
10HA9A4437,無ネ05-6137,無ｱﾃﾞ 無線ｼｽﾃﾑ技･無線ｼｽﾃﾑ技,ドコモ管理,,山王PT 24階,書庫(高)
10JA9A4268,無ネ05-5050,無ｱﾃﾞ 無線ｼｽﾃﾑ技･無線ｼｽﾃﾑ技,ドコモ管理,,山王PT 24階,書庫(高)
10JA9A4278,無ネ05-5060,無ｱﾃﾞ 無線ｼｽﾃﾑ技･無線ｼｽﾃﾑ技,ドコモ管理,,山王PT 24階,書庫(高)
10JA9A4288,無ネ05-5070,無ｱﾃﾞ 無線ｼｽﾃﾑ技･無線ｼｽﾃﾑ技,ドコモ管理,,山王PT 24階,書庫(高)
10JA9A4328,無ネ05-6015,無ｱﾃﾞ 無線ｼｽﾃﾑ技･無線ｼｽﾃﾑ技,ドコモ管理,,山王PT 24階,書庫(高)
10JA9A4348,無ネ05-6035,無ｱﾃﾞ 無線ｼｽﾃﾑ技･無線ｼｽﾃﾑ技,ドコモ管理,,山王PT 24階,書庫(高)
10JA9A4358,無ネ05-6045,無ｱﾃﾞ 無線ｼｽﾃﾑ技･無線ｼｽﾃﾑ技,ドコモ管理,,山王PT 24階,書庫(高)
10JA9A4438,無ネ05-6138,無ｱﾃﾞ 無線ｼｽﾃﾑ技･無線ｼｽﾃﾑ技,ドコモ管理,,山王PT 24階,書庫(高)
10KA9A4219,無ネ05-5001,無ｱﾃﾞ 無線ｼｽﾃﾑ技･無線ｼｽﾃﾑ技,ドコモ管理,,山王PT 24階,書庫(高)
10KA9A4259,無ネ05-5041,無ｱﾃﾞ 無線ｼｽﾃﾑ技･無線ｼｽﾃﾑ技,ドコモ管理,,山王PT 24階,書庫(高)
10KA9A4269,無ネ05-5051,無ｱﾃﾞ 無線ｼｽﾃﾑ技･無線ｼｽﾃﾑ技,ドコモ管理,,山王PT 24階,書庫(高)
10KA9A4279,無ネ05-5061,無ｱﾃﾞ 無線ｼｽﾃﾑ技･無線ｼｽﾃﾑ技,ドコモ管理,,山王PT 24階,書庫(高)
10KA9A4319,無ネ05-6006,無ｱﾃﾞ 無線ｼｽﾃﾑ技･無線ｼｽﾃﾑ技,ドコモ管理,,山王PT 24階,書庫(高)
10KA9A4329,無ネ05-6016,無ｱﾃﾞ 無線ｼｽﾃﾑ技･無線ｼｽﾃﾑ技,ドコモ管理,,山王PT 24階,書庫(高)
10KA9A4339,無ネ05-6026,無ｱﾃﾞ 無線ｼｽﾃﾑ技･無線ｼｽﾃﾑ技,ドコモ管理,,山王PT 24階,書庫(高)
10KA9A4349,無ネ05-6036,無ｱﾃﾞ 無線ｼｽﾃﾑ技･無線ｼｽﾃﾑ技,ドコモ管理,,山王PT 24階,書庫(高)
10KA9A4359,無ネ05-6046,無ｱﾃﾞ 無線ｼｽﾃﾑ技･無線ｼｽﾃﾑ技,ドコモ管理,,山王PT 24階,書庫(高)
22KA0S9452,Ｇａｌａｘｙ　Ｓ２２　ＳＣ－５,無ｱﾃﾞ 無線ｼｽﾃﾑ技･無線ｼｽﾃﾑ技,ドコモ管理,,山王パークタワー 24F北,共通ロッカー
22PA2S2786,Ｇａｌａｘｙ　Ｓ２２　ＳＣ－５,無ｱﾃﾞ 無線ｼｽﾃﾑ技･無線ｼｽﾃﾑ技,ドコモ管理,,山王パークタワー 24F北,共通ロッカー
23YA098989,商用検証試験系用SIM,無ｱﾃﾞ 無線ｼｽﾃﾑ技･無線ｼｽﾃﾑ技,ドコモ管理,,山王パークタワー 24F北,共通ロッカー
23TA099074,商用検証試験系用SIM,無ｱﾃﾞ 無線ｼｽﾃﾑ技･無線ｼｽﾃﾑ技,ドコモ管理,,山王パークタワー　24F北,共通ロッカー
10GA8L2256,業電_川村_P-04B,無ｱﾃﾞ 無線ｼｽﾃﾑ技･無線ｼｽﾃﾑ技,ドコモ管理,,山王書庫保管,山王書庫保管
19TA3F9992,業電_川村_SH-01L,無ｱﾃﾞ 無線ｼｽﾃﾑ技･無線ｼｽﾃﾑ技,ドコモ管理,,山王書庫保管,山王書庫保管
22PA2W5902,利活用端末（藤原課長用）,無ｱﾃﾞ 無線ｼｽﾃﾑ技･無線ｼｽﾃﾑ技,ドコモ管理,,山王書庫保管,山王書庫保管
20CA203202,FR試験系用SIM,無ｱﾃﾞ 無線ｼｽﾃﾑ技･無線ｼｽﾃﾑ技,ドコモ管理,,貸出中,貸出中
20EA134571,FR試験系用SIM,無ｱﾃﾞ 無線ｼｽﾃﾑ技･無線ｼｽﾃﾑ技,ドコモ管理,,貸出中,貸出中
20EA202974,FR試験系用SIM,無ｱﾃﾞ 無線ｼｽﾃﾑ技･無線ｼｽﾃﾑ技,ドコモ管理,,貸出中,貸出中
20JA134375,FR試験系用SIM,無ｱﾃﾞ 無線ｼｽﾃﾑ技･無線ｼｽﾃﾑ技,ドコモ管理,,貸出中,貸出中
20LA0G5874,FR試験系用SIM,無ｱﾃﾞ 無線ｼｽﾃﾑ技･無線ｼｽﾃﾑ技,ドコモ管理,,貸出中,貸出中
20PA0G5737,FR試験系用SIM,無ｱﾃﾞ 無線ｼｽﾃﾑ技･無線ｼｽﾃﾑ技,ドコモ管理,,貸出中,貸出中
20PA0G5967,FR試験系用SIM,無ｱﾃﾞ 無線ｼｽﾃﾑ技･無線ｼｽﾃﾑ技,ドコモ管理,,貸出中,貸出中
20SA0G5799,FR試験系用SIM,無ｱﾃﾞ 無線ｼｽﾃﾑ技･無線ｼｽﾃﾑ技,ドコモ管理,,貸出中,貸出中
21UA190097,FR試験系用SIM,無ｱﾃﾞ 無線ｼｽﾃﾑ技･無線ｼｽﾃﾑ技,ドコモ管理,,貸出中,貸出中
23PA098641,FR試験系用SIM,無ｱﾃﾞ 無線ｼｽﾃﾑ技･無線ｼｽﾃﾑ技,ドコモ管理,,貸出中,貸出中
23RA098632,FR試験系用SIM,無ｱﾃﾞ 無線ｼｽﾃﾑ技･無線ｼｽﾃﾑ技,ドコモ管理,,貸出中,貸出中
23RA098642,FR試験系用SIM,無ｱﾃﾞ 無線ｼｽﾃﾑ技･無線ｼｽﾃﾑ技,ドコモ管理,,貸出中,貸出中
23SA098633,FR試験系用SIM,無ｱﾃﾞ 無線ｼｽﾃﾑ技･無線ｼｽﾃﾑ技,ドコモ管理,,貸出中,貸出中
23SA098643,FR試験系用SIM,無ｱﾃﾞ 無線ｼｽﾃﾑ技･無線ｼｽﾃﾑ技,ドコモ管理,,貸出中,貸出中
23TA098644,FR試験系用SIM,無ｱﾃﾞ 無線ｼｽﾃﾑ技･無線ｼｽﾃﾑ技,ドコモ管理,,貸出中,貸出中
23TA098654,FR試験系用SIM,無ｱﾃﾞ 無線ｼｽﾃﾑ技･無線ｼｽﾃﾑ技,ドコモ管理,,貸出中,貸出中
23UA098645,FR試験系用SIM,無ｱﾃﾞ 無線ｼｽﾃﾑ技･無線ｼｽﾃﾑ技,ドコモ管理,,貸出中,貸出中
23UA098655,FR試験系用SIM,無ｱﾃﾞ 無線ｼｽﾃﾑ技･無線ｼｽﾃﾑ技,ドコモ管理,,貸出中,貸出中
23VA098646,FR試験系用SIM,無ｱﾃﾞ 無線ｼｽﾃﾑ技･無線ｼｽﾃﾑ技,ドコモ管理,,貸出中,貸出中
20PA4G1217,20001586,無ｱﾃﾞ 無線ｼｽﾃﾑ技･無線ｼｽﾃﾑ技,ドコモ管理,,阿部さん預かり保管中,阿部さん預かり保管中